A&M-Corpus Christi,26172,"Corpus Christi,  TX",-97.403564,27.796410,15
Abilene Christian,2,"Abilene,  TX",-99.741424,32.449175,529
Academy of Art,30123,"San Francisco,  CA",-122.419644,37.777125,21
Adams St.,929,"Alamosa,  CO",-105.873599,37.468180,2301
Adelphi,3,"Garden City,  NY",-73.636909,40.726050,28
Adrian,4,"Adrian,  MI",-84.036269,41.897275,240
Agnes Scott,11324,"Decatur,  GA",-84.296589,33.774021,322
Air Force,721,"USAF Academy,  CO",-105.550964,38.997921,2212
Akron,5,"Akron,  OH",-81.514059,41.084195,302
Ala.-Huntsville,10,"Huntsville,  AL",-86.584979,34.729135,203
Alabama,8,"Tuscaloosa,  AL",-87.566214,33.210435,69
Alabama A&M,6,"Normal,  AL",-86.572083,34.790981,221
Alabama St.,7,"Montgomery,  AL",-86.300629,32.380120,77
Alas. Anchorage,11,"Anchorage,  AK",-149.858384,61.217550,
Alas. Fairbanks,12,"Fairbanks,  AK",-147.722059,64.845085,
Albany (NY),14,"Albany,  NY",-73.755254,42.651445,41
Albany St. (GA),13,"Albany,  GA",-84.156009,31.580760,67
Albertus Magnus,2798,"New Haven,  CT",-72.924979,41.307130,19
Albion,15,"Albion,  MI",-84.753039,42.246650,291
Albright,16,"Reading,  PA",-75.927843,40.336585,91
Alcorn St.,17,"Alcorn State,  MS",-91.130501,31.882690,86
Alderson-Broaddus,934,"Philippi,  WV",-80.041039,39.153085,400
Alfred,18,"Alfred,  NY",-77.789635,42.256152,529
Allegheny,19,"Meadville,  PA",-80.151438,41.636488,341
Alma,21,"Alma,  MI",-84.657034,43.378970,224
Alvernia,938,"Reading,  PA",-75.927843,40.336585,91
Alverno,28746,"Milwaukee,  WI",-87.906844,43.041810,198
American,23,"Washington,  DC",-77.031959,38.890370,13
American (PR),1466,"Bayamon,  PR",-66.147379,18.394095,
American Intl,22,"Springfield,  MA",-72.589294,42.101250,26
Amherst,24,"Amherst,  MA",-72.533204,42.370772,53
Anderson (IN),939,"Anderson,  IN",-85.678689,40.102165,269
Anderson (SC),13028,"Anderson,  SC",-82.649579,34.500440,245
Angelo St.,25,"San Angelo,  TX",-100.442424,31.461500,563
Anna Maria,26,"Paxton,  MA",-71.929025,42.312465,354
Appalachian St.,27,"Boone,  NC",-81.686965,36.220364,1002
Arcadia,966,"Glenside,  PA",-75.151064,40.102215,88
Arizona,29,"Tucson,  AZ",-110.969754,32.221553,732
Arizona St.,28,"Tempe,  AZ",-111.937419,33.425510,366
Ark.-Fort Smith,30105,"Fort Smith,  AR",-94.421299,35.384600,133
Ark.-Monticello,8411,"Monticello,  AR",-91.790974,33.627780,91
Ark.-Pine Bluff,2678,"Pine Bluff,  AR",-92.003399,34.223535,74
Arkansas,31,"Fayetteville,  AR",-94.157914,36.063205,429
Arkansas St.,30,"State University,  AR",-92.130550,34.751900,73
Arkansas Tech,947,"Russellville,  AR",-93.134825,35.278270,109
Armstrong Atlantic,33,"Savannah,  GA",-81.090719,32.080780,4
Army,725,"West Point,  NY",-73.955162,41.395221,44
Ashland,35,"Ashland,  OH",-82.315344,40.868650,322
Assumption,36,"Worcester,  MA",-71.802189,42.263415,156
Auburn,37,"Auburn,  AL",-85.481735,32.607465,222
Augsburg,38,"Minneapolis,  MN",-93.264929,44.979035,262
Augusta St.,39,"Augusta,  GA",-81.975309,33.479090,42
Augustana (IL),40,"Rock Island,  IL",-90.576044,41.511575,171
Augustana (SD),41,"Sioux Falls,  SD",-96.731284,43.545350,447
Aurora,42,"Aurora,  IL",-88.315774,41.756950,197
Austin,953,"Sherman,  TX",-96.609129,33.636045,228
Austin Peay,43,"Clarksville,  TN",-87.359769,36.530755,142
Averett,44,"Danville,  VA",-79.417209,36.585983,127
Babson,45,"Babson Park,  MA",-71.260010,42.298302,51
Baldwin-Wallace,46,"Berea,  OH",-81.852576,41.365067,242
Ball St.,47,"Muncie,  IN",-85.381734,40.193165,291
Baptist Bible (PA),958,"Clarks Summit,  PA",-75.700423,41.493135,401
Bard,962,"Annandale-On-Hudson,  NY",-73.908333,42.012520,52
Barry,49,"Miami Shores,  FL",-80.193594,25.867480,11
Barton,15646,"Wilson,  NC",-77.916146,35.721700,41
Baruch,58,"New York,  NY",-74.007124,40.714550,45
Bates,50,"Lewiston,  ME",-70.218354,44.098555,60
Bay Path,26520,"Longmeadow,  MA",-72.554871,42.055667,55
Baylor,51,"Waco,  TX",-97.149507,31.571821,137
Becker,26107,"Leicester,  MA",-71.915361,42.244938,283
Bellarmine,52,"Louisville,  KY",-85.766404,38.254860,140
Belmont,14927,"Nashville,  TN",-86.778365,36.167783,136
Belmont Abbey,2683,"Belmont,  NC",-81.038028,35.244203,214
Beloit,53,"Beloit,  WI",-89.037934,42.506745,227
Bemidji St.,54,"Bemidji,  MN",-94.879649,47.473145,417
Benedict,55,"Columbia,  SC",-81.045249,33.998550,66
Benedictine (IL),296,"Lisle,  IL",-88.071317,41.799010,213
Bennett,14770,"Greensboro,  NC",-79.794704,36.068994,249
Bentley,56,"Waltham,  MA",-71.235324,42.376440,24
Berry,973,"Mount Berry,  GA",-85.181992,34.283298,198
Bethany (WV),59,"Bethany,  WV",-80.568059,40.204960,275
Bethany Lutheran,30038,"Mankato,  MN",-94.002416,44.167404,238
Bethel (MN),60,"St. Paul,  MN",-93.093326,44.943829,243
Bethune-Cookman,61,"Daytona Beach,  FL",-81.039404,29.203575,7
Binghamton,62,"Binghamton,  NY",-75.911271,42.098687,273
Birmingham-So.,28593,"Birmingham,  AL",-86.811504,33.520295,189
Blackburn,64,"Carlinville,  IL",-89.881954,39.279855,191
Bloomfield,984,"Bloomfield,  NJ",-74.195733,40.791907,42
Bloomsburg,65,"Bloomsburg,  PA",-76.453269,41.004610,179
Bluefield St.,985,"Bluefield,  WV",-81.222619,37.267985,787
Bluffton,987,"Bluffton,  OH",-83.891404,40.893750,258
Boise St.,66,"Boise,  ID",-116.193409,43.606980,828
Boston College,67,"Chestnut Hill,  MA",-71.164564,42.326095,57
Boston U.,68,"Boston,  MA",-71.056699,42.358635,12
Bowdoin,69,"Brunswick,  ME",-69.967784,43.913955,22
Bowie St.,70,"Bowie,  MD",-76.740474,38.960970,51
Bowling Green,71,"Bowling Green,  OH",-83.650419,41.375460,210
Bradley,72,"Peoria,  IL",-89.587764,40.692140,151
Brandeis,73,"Waltham,  MA",-71.235324,42.376440,24
Brevard,30094,"Brevard,  NC",-82.733914,35.234275,667
Bridgeport,74,"Bridgeport,  CT",-73.191269,41.181880,12
Bridgewater (VA),75,"Bridgewater,  VA",-78.975148,38.383550,361
Bridgewater St.,76,"Bridgewater,  MA",-70.977022,41.988734,39
Brockport,78,"Brockport,  NY",-77.937294,43.214235,162
Brooklyn,79,"Brooklyn,  NY",-73.990364,40.692455,74
Brown,80,"Providence,  RI",-71.411994,41.823875,85
Bryant,81,"Smithfield,  RI",-71.509023,41.885764,52
Bryn Mawr,82,"Bryn Mawr,  PA",-75.307759,40.020990,140
Bucknell,83,"Lewisburg,  PA",-76.890639,40.961130,145
Buena Vista,84,"Storm Lake,  IA",-95.201389,42.647475,432
Buffalo,86,"Buffalo,  NY",-78.878464,42.885440,188
Buffalo St.,85,"Buffalo,  NY",-78.878464,42.885440,188
Butler,87,"Indianapolis,  IN",-86.149964,39.766910,220
BYU,77,"Provo,  UT",-111.668509,40.233775,1387
BYU-Hawaii,2685,"Laie,  HI",-157.922975,21.648314,
C.W. Post,362,"Brookville,  NY",-73.561546,40.799876,99
Cabrini,88,"Radnor,  PA",-75.371712,40.037819,121
Cal Lutheran,105,"Thousand Oaks,  CA",-118.894254,34.185000,200
Cal Poly,90,"San Luis Obispo,  CA",-120.662519,35.285520,80
Cal Poly Pomona,91,"Pomona,  CA",-117.750034,34.054830,267
Cal St. Bakersfield,94,"Bakersfield,  CA",-119.018863,35.366970,123
Cal St. Chico,95,"Chico,  CA",-121.841985,39.732010,66
Cal St. Dom. Hills,92,"Carson,  CA",-118.262119,33.831610,13
Cal St. East Bay,98,"Hayward,  CA",-122.086137,37.671197,32
Cal St. Fullerton,97,"Fullerton,  CA",-117.929104,33.870325,52
Cal St. L.A.,100,"Los Angeles,  CA",-118.245319,34.053490,98
Cal St. Monterey Bay,30055,"Seaside,  CA",-121.852664,36.603883,8
Cal St. Northridge,101,"Northridge,  CA",-118.533879,34.234773,261
Cal St. San Bdino,93,"San Bernardino,  CA",-117.294124,34.105245,325
Cal St. Stanislaus,103,"Turlock,  CA",-120.846419,37.495015,30
Caldwell,995,"Caldwell,  NJ",-74.276645,40.841437,125
California,107,"Berkeley,  CA",-122.270539,37.869885,56
California (PA),106,"California,  PA",-79.892349,40.066800,233
Caltech,89,"Pasadena,  CA",-118.144264,34.147235,272
Calvin,114,"Grand Rapids,  MI",-85.671179,42.966410,199
Cameron,996,"Lawton,  OK",-98.389919,34.605185,341
Campbell,115,"Buies Creek,  NC",-78.738831,35.407040,62
Canisius,116,"Buffalo,  NY",-78.878464,42.885440,188
Capital,117,"Columbus,  OH",-83.002984,39.961960,238
Carleton,118,"Northfield,  MN",-93.153759,44.449600,293
Carnegie Mellon,119,"Pittsburgh,  PA",-79.997459,40.438335,242
Carroll (WI),120,"Waukesha,  WI",-88.235513,43.014423,257
Carson-Newman,1000,"Jefferson City,  TN",-83.490029,36.125775,348
Carthage,121,"Kenosha,  WI",-87.823654,42.588075,182
Case,122,"Cleveland,  OH",-81.690434,41.504380,213
Castleton,123,"Castleton,  VT",-73.175620,43.612287,136
Catawba,1001,"Salisbury,  NC",-80.469354,35.666934,234
Catholic,124,"Washington,  DC",-77.031959,38.890370,13
Cazenovia,23624,"Cazenovia,  NY",-75.848452,42.929600,362
CCNY,480,"New York,  NY",-74.007124,40.714550,45
Cedar Crest,14795,"Allentown,  PA",-75.470204,40.602570,112
Centenary (LA),125,"Shreveport,  LA",-93.747274,32.514615,63
Centenary (NJ),12884,"Hackettstown,  NJ",-74.828785,40.853475,174
Central (IA),126,"Pella,  IA",-92.916459,41.407390,270
Central Ark.,1004,"Conway,  AR",-92.440238,35.090818,96
Central Conn. St.,127,"New Britain,  CT",-72.782294,41.667720,58
Central Mich.,129,"Mount Pleasant,  MI",-84.768149,43.597230,238
Central Mo.,130,"Warrensburg,  MO",-93.741149,38.771224,254
Central Okla.,1009,"Edmond,  OK",-97.478129,35.654905,374
Central St. (OH),30049,"Wilberforce,  OH",-83.886890,39.711794,312
Central Wash.,1010,"Ellensburg,  WA",-120.548720,46.997040,468
Centre,132,"Danville,  KY",-84.774969,37.645975,302
Chadron St.,1012,"Chadron,  NE",-103.000209,42.831750,1029
Chaminade,133,"Honolulu,  HI",-157.857614,21.304770,
Chapman,134,"Orange,  CA",-117.850399,33.787865,63
Charleston (WV),1013,"Charleston,  WV",-81.638989,38.350195,189
Charleston So.,48,"Charleston,  SC",-79.931604,32.781150,11
Charlotte,458,"Charlotte,  NC",-80.837764,35.222690,226
Chatham,10972,"Pittsburgh,  PA",-79.997459,40.438335,242
Chattanooga,693,"Chattanooga,  TN",-85.309464,35.046440,219
Chestnut Hill,21323,"Philadelphia,  PA",-75.162454,39.952280,43
Cheyney,135,"Cheyney,  PA",-75.524064,39.930924,82
Chicago,137,"Chicago,  IL",-87.632409,41.884150,215
Chicago St.,136,"Chicago,  IL",-87.632409,41.884150,215
Chowan,8875,"Murfreesboro,  NC",-77.098209,36.442363,31
Chris. Newport,139,"Newport News,  VA",-76.480229,37.082885,16
Christian Bros.,1015,"Memphis,  TN",-90.049259,35.149766,76
Cincinnati,140,"Cincinnati,  OH",-84.504552,39.106614,179
Cincinnati-Clermont,30087,"Batavia,  OH",-84.179414,39.078590,178
Citadel,141,"Charleston,  SC",-79.931604,32.781150,11
City Tech,8580,"Brooklyn,  NY",-73.990364,40.692455,74
Claflin,30058,"Orangeburg,  SC",-80.864719,33.489350,76
Claremont-M-S,142,"Claremont,  CA",-117.716404,34.096100,366
Clarion,143,"Clarion,  PA",-79.385259,41.214595,449
Clark (MA),145,"Worcester,  MA",-71.802189,42.263415,156
Clark Atlanta,144,"Atlanta,  GA",-84.391109,33.748315,322
Clarke,1020,"Dubuque,  IA",-90.663269,42.499130,188
Clarkson,146,"Potsdam,  NY",-74.985889,44.669865,123
Clayton St.,20576,"Morrow,  GA",-84.340534,33.583350,284
Clemson,147,"Clemson,  SC",-82.839540,34.682571,224
Cleveland St.,148,"Cleveland,  OH",-81.690434,41.504380,213
Coast Guard,722,"New London,  CT",-72.096469,41.356445,7
Coastal Caro.,149,"Conway,  SC",-79.050634,33.834605,4
Cobleskill St.,30083,"Cobleskill,  NY",-74.483325,42.678172,281
Coe,150,"Cedar Rapids,  IA",-91.673759,41.976345,221
Coker,1023,"Hartsville,  SC",-80.073750,34.375025,64
Col. of Charleston,1014,"Charleston,  SC",-79.931604,32.781150,11
Colby,151,"Waterville,  ME",-69.631349,44.552795,33
Colby-Sawyer,152,"New London,  NH",-72.003414,43.424090,413
Colgate,153,"Hamilton,  NY",-75.543969,42.827005,345
Colo. Christian,11403,"Lakewood,  CO",-105.082731,39.710920,1683
Colorado,157,"Boulder,  CO",-105.279239,40.015740,1636
Colorado Col.,154,"Colorado Springs,  CO",-104.821814,38.833450,1837
Colorado Mines,155,"Golden,  CO",-105.224949,39.756655,1733
Colorado St.,156,"Fort Collins,  CO",-105.076259,40.581470,1528
Colorado St.-Pueblo,2720,"Pueblo,  CO",-104.612374,38.263860,1424
Columbia,158,"New York,  NY",-74.007124,40.714550,45
Columbus St.,159,"Columbus,  GA",-84.987629,32.462925,77
Concord,1028,"Athens,  WV",-81.016129,37.422994,787
Concordia (NY),162,"Bronxville,  NY",-73.831224,40.936062,33
Concordia (TX),24400,"Austin,  TX",-97.742984,30.267605,159
Concordia (WI),1036,"Mequon,  WI",-87.984334,43.224672,206
Concordia Chicago,160,"River Forest,  IL",-87.819574,41.887530,195
Concordia-Mhead,161,"Moorhead,  MN",-96.771664,46.875045,275
Concordia-St. Paul,9081,"St. Paul,  MN",-93.093326,44.943829,243
Connecticut,164,"Storrs,  CT",-72.253807,41.815338,197
Connecticut Col.,163,"New London,  CT",-72.096469,41.356445,7
Converse,8935,"Spartanburg,  SC",-81.934869,34.948255,240
Coppin St.,165,"Baltimore,  MD",-76.609264,39.290585,9
Cornell,167,"Ithaca,  NY",-76.495454,42.440495,131
Cornell College,166,"Mt. Vernon,  IA",-91.417539,41.922540,266
Creighton,169,"Omaha,  NE",-95.940469,41.260675,331
Crown (MN),30035,"St. Bonifacius,  MN",-93.744189,44.904095,291
Curry,170,"Milton,  MA",-71.079157,42.253485,33
DYouville,1059,"Buffalo,  NY",-78.878464,42.885440,188
Dallas,1044,"Irving,  TX",-96.955506,32.813516,155
Dallas Baptist,1045,"Dallas,  TX",-96.795404,32.778155,149
Daniel Webster,2691,"Nashua,  NH",-71.464209,42.758365,52
Dartmouth,172,"Hanover,  NH",-72.289499,43.700465,166
Davidson,173,"Davidson,  NC",-80.849242,35.497861,254
Davis & Elkins,174,"Elkins,  WV",-79.844489,38.924020,591
Dayton,175,"Dayton,  OH",-84.194439,39.759110,233
Defiance,1050,"Defiance,  OH",-84.362384,41.286245,213
Delaware,180,"Newark,  DE",-75.761814,39.678015,39
Delaware St.,178,"Dover,  DE",-75.524734,39.158035,12
Delaware Valley,179,"Doylestown,  PA",-75.131654,40.310035,135
Delta St.,181,"Cleveland,  MS",-90.717024,33.747525,43
Denison,182,"Granville,  OH",-82.517594,40.067810,292
Denver,183,"Denver,  CO",-104.992259,39.740010,1603
DePaul,176,"Chicago,  IL",-87.632409,41.884150,215
DePauw,177,"Greencastle,  IN",-86.861129,39.643995,256
DeSales,20,"Center Valley,  PA",-75.394808,40.533158,131
Detroit,184,"Detroit,  MI",-83.047924,42.331685,192
Dickinson,185,"Carlisle,  PA",-77.189169,40.201190,146
Dist. Columbia,186,"Washington,  DC",-77.031959,38.890370,13
Dixie St.,30095,"St. George,  UT",-113.583304,37.109075,848
Dominican (CA),30118,"San Rafael,  CA",-122.532474,37.974570,24
Dominican (IL),1332,"River Forest,  IL",-87.819574,41.887530,195
Dominican (NY),8956,"Orangeburg,  NY",-73.946683,41.053830,34
Dowling,2692,"Oakdale,  NY",-73.132855,40.742696,6
Drake,189,"Des Moines,  IA",-93.615659,41.589790,241
Drew,190,"Madison,  NJ",-74.416014,40.757122,76
Drexel,191,"Philadelphia,  PA",-75.162454,39.952280,43
Drury,1057,"Springfield,  MO",-93.291564,37.208975,401
Dubuque,192,"Dubuque,  IA",-90.663269,42.499130,188
Duke,193,"Durham,  NC",-78.896014,35.995275,121
Duquesne,194,"Pittsburgh,  PA",-79.997459,40.438335,242
Earlham,195,"Richmond,  IN",-84.890330,39.830110,300
East Carolina,196,"Greenville,  NC",-77.380234,35.607200,17
East Central,8965,"Ada,  OK",-96.678689,34.775070,308
East Stroudsburg,197,"East Stroudsburg,  PA",-75.178064,40.994550,152
East Tenn. St.,198,"Johnson City,  TN",-82.345284,36.320088,504
East Tex. Baptist,1062,"Marshall,  TX",-94.350119,32.545965,101
East. Mennonite,203,"Harrisonburg,  VA",-78.869047,38.451534,405
Eastern,8968,"St. Davids,  PA",-75.380127,40.041039,113
Eastern Conn. St.,200,"Willimantic,  CT",-72.206332,41.710542,73
Eastern Ill.,201,"Charleston,  IL",-88.176314,39.495975,206
Eastern Ky.,202,"Richmond,  KY",-84.297574,37.748810,291
Eastern Mich.,204,"Ypsilanti,  MI",-83.613089,42.240880,222
Eastern N.M.,206,"Portales,  NM",-103.339604,34.184310,1226
Eastern Nazarene,1064,"Quincy,  MA",-71.004164,42.252285,15
Eastern Ore.,1065,"La Grande,  OR",-118.095941,45.329545,849
Eastern Wash.,207,"Cheney,  WA",-117.574774,47.489010,722
Eckerd,208,"St. Petersburg,  FL",-82.638764,27.771190,25
Edgewood,1066,"Madison,  WI",-89.386694,43.072950,282
Edinboro,209,"Edinboro,  PA",-80.131170,41.875708,374
Elizabeth City St.,210,"Elizabeth City,  NC",-76.219759,36.301505,2
Elizabethtown,211,"Elizabethtown,  PA",-76.606718,40.152603,136
Elmhurst,212,"Elmhurst,  IL",-87.939889,41.903135,214
Elmira,213,"Elmira,  NY",-76.798814,42.090410,265
Elms,532,"Chicopee,  MA",-72.606973,42.148200,25
Elon,1068,"Elon,  NC",-79.504534,36.102995,218
Emerson,214,"Boston,  MA",-71.056699,42.358635,12
Emmanuel (MA),215,"Boston,  MA",-71.056699,42.358635,12
Emory,217,"Atlanta,  GA",-84.391109,33.748315,322
Emory & Henry,216,"Emory,  VA",-81.828957,36.775330,647
Emporia St.,1071,"Emporia,  KS",-96.180154,38.405605,352
Endicott,8981,"Beverly,  MA",-70.878979,42.547745,18
Erskine,1072,"Due West,  SC",-82.388674,34.333225,218
Eureka,218,"Eureka,  IL",-89.272264,40.721425,237
Evansville,219,"Evansville,  IN",-87.564125,37.976911,117
Fairfield,220,"Fairfield,  CT",-73.229624,41.165815,8
Fairleigh Dickinson,222,"Teaneck,  NJ",-74.019444,40.886875,39
Fairmont St.,1076,"Fairmont,  WV",-80.147154,39.481610,294
Farmingdale St.,27892,"Farmingdale,  NY",-73.445730,40.731870,23
Fayetteville St.,223,"Fayetteville,  NC",-78.877579,35.054495,29
FDU-Florham,221,"Madison,  NJ",-74.416014,40.757122,76
Felician,23157,"Lodi,  NJ",-74.085451,40.877257,6
Ferris St.,224,"Big Rapids,  MI",-85.480829,43.698320,286
Ferrum,225,"Ferrum,  VA",-80.014659,36.923360,386
Findlay,1079,"Findlay,  OH",-83.650288,41.037400,240
Finlandia,30032,"Hancock,  MI",-88.585670,47.126603,226
Fisk,226,"Nashville,  TN",-86.778365,36.167783,136
Fitchburg St.,227,"Fitchburg,  MA",-71.792259,42.581760,136
FIU,231,"Miami,  FL",-80.237419,25.728985,11
Fla. Atlantic,229,"Boca Raton,  FL",-80.089004,26.350490,8
Fla. Gulf Coast,28755,"Fort Myers,  FL",-81.868194,26.640845,7
Fla. Southern,233,"Lakeland,  FL",-81.947864,28.044190,58
Flagler,30092,"St. Augustine,  FL",-81.314255,29.892128,7
Florida,235,"Gainesville,  FL",-82.323184,29.651950,35
Florida A&M,228,"Tallahassee,  FL",-84.280649,30.439775,71
Florida St.,234,"Tallahassee,  FL",-84.280649,30.439775,71
Florida Tech,230,"Melbourne,  FL",-80.606884,28.079390,10
Fontbonne,11538,"Saint Louis,  MO",-90.199514,38.627740,149
Fordham,236,"Bronx,  NY",-73.923249,40.825745,28
Fort Hays St.,9011,"Hays,  KS",-99.332239,38.870940,618
Fort Lewis,1083,"Durango,  CO",-107.879304,37.273675,2006
Fort Valley St.,237,"Fort Valley,  GA",-83.888639,32.553900,162
Framingham St.,238,"Framingham,  MA",-71.416399,42.279715,55
Francis Marion,1085,"Florence,  SC",-79.769059,34.193630,46
Franciscan,30069,"Steubenville,  OH",-80.637163,40.369599,315
Frank. & Marsh.,239,"Lancaster,  PA",-76.301269,40.038045,123
Franklin,2694,"Franklin,  IN",-86.064109,39.483820,227
Franklin Pierce,241,"Rindge,  NH",-72.005812,42.755298,371
Fredonia St.,242,"Fredonia,  NY",-79.331214,42.440135,224
Fresno St.,96,"Fresno,  CA",-119.785734,36.740685,98
Frostburg St.,243,"Frostburg,  MD",-78.927609,39.656902,626
Furman,244,"Greenville,  SC",-82.400114,34.848270,295
Ga. Southern,253,"Statesboro,  GA",-81.783334,32.448915,82
Ga. Southwestern,1097,"Americus,  GA",-84.232564,32.072740,133
Gallaudet,245,"Washington,  DC",-77.031959,38.890370,13
Gannon,246,"Erie,  PA",-80.085239,42.129445,202
Gardner-Webb,1092,"Boiling Springs,  NC",-81.666679,35.250130,266
Geneva,30084,"Beaver Falls,  PA",-80.319139,40.765560,223
George Fox,1094,"Newberg,  OR",-122.975574,45.300325,56
George Mason,248,"Fairfax,  VA",-77.308132,38.841574,139
George Washington,249,"Washington,  DC",-77.031959,38.890370,13
Georgetown,251,"Washington,  DC",-77.031959,38.890370,13
Georgia,257,"Athens,  GA",-83.373255,33.958132,229
Georgia College,1096,"Milledgeville,  GA",-83.226219,33.081411,104
Georgia St.,254,"Atlanta,  GA",-84.391109,33.748315,322
Georgia Tech,255,"Atlanta,  GA",-84.391109,33.748315,322
Georgian Court,9004,"Lakewood,  NJ",-74.176816,40.079839,10
Gettysburg,258,"Gettysburg,  PA",-77.231114,39.830230,165
Glenville St.,1098,"Glenville,  WV",-80.838239,38.934625,233
Goldey-Beacom,8366,"Wilmington,  DE",-75.550844,39.740235,20
Gonzaga,260,"Spokane,  WA",-117.412279,47.657260,580
Gordon,1099,"Wenham,  MA",-70.887134,42.604595,23
Goucher,1467,"Baltimore,  MD",-76.609264,39.290585,9
Grambling,261,"Grambling,  LA",-92.716361,32.528006,102
Grand Canyon,1104,"Phoenix,  AZ",-112.075774,33.448260,355
Grand Valley St.,262,"Allendale,  MI",-85.943159,42.972235,203
Green Bay,794,"Green Bay,  WI",-88.010159,44.512795,182
Green Mountain,11062,"Poultney,  VT",-73.232789,43.516350,137
Greensboro,263,"Greensboro,  NC",-79.794704,36.068994,249
Greenville,1111,"Greenville,  IL",-89.413420,38.892370,192
Grinnell,264,"Grinnell,  IA",-92.727384,41.746870,312
Grove City,265,"Grove City,  PA",-80.088019,41.157480,384
Guilford,1112,"Greensboro,  NC",-79.794704,36.068994,249
Gust. Adolphus,266,"Saint Peter,  MN",-93.957754,44.326765,232
Gwynedd-Mercy,12399,"Gwynedd Valley,  PA",-75.264301,40.180648,103
Hamilton,267,"Clinton,  NY",-73.929394,44.954170,358
Hamline,268,"St. Paul,  MN",-93.093326,44.943829,243
Hampden-Sydney,269,"Hampden-Sydney,  VA",-78.456830,37.247462,164
Hampton,270,"Hampton,  VA",-76.345119,37.027795,
Hanover,1115,"Hanover,  IN",-85.474674,38.715739,241
Hardin-Simmons,271,"Abilene,  TX",-99.741424,32.449175,529
Harding,1116,"Searcy,  AR",-91.740154,35.250820,78
Hartford,272,"West Hartford,  CT",-72.744429,41.758770,43
Hartwick,273,"Oneonta,  NY",-75.060274,42.455310,344
Harvard,275,"Boston,  MA",-71.056699,42.358635,12
Haverford,276,"Haverford,  PA",-75.303189,40.013995,117
Hawaii,277,"Honolulu,  HI",-157.857614,21.304770,
Hawaii Hilo,2697,"Hilo,  HI",-155.081858,19.719241,
Hawaii Pacific,2696,"Honolulu,  HI",-157.857614,21.304770,
Heidelberg,278,"Tiffin,  OH",-83.176669,41.115224,230
Henderson St.,1123,"Arkadelphia,  AR",-93.054129,34.120970,82
Hendrix,1124,"Conway,  AR",-92.440238,35.090818,96
High Point,19651,"High Point,  NC",-80.005085,35.954689,294
Hilbert,8398,"Hamburg,  NY",-78.832109,42.716060,252
Hillsdale,280,"Hillsdale,  MI",-84.631842,41.922915,332
Hiram,281,"Hiram,  OH",-81.144319,41.309455,384
Hobart,282,"Geneva,  NY",-76.982094,42.866420,142
Hofstra,283,"Hempstead,  NY",-73.622794,40.709910,23
Hollins,284,"Roanoke,  VA",-79.940534,37.271525,294
Holy Cross,285,"Worcester,  MA",-71.802189,42.263415,156
Holy Family,1126,"Philadelphia,  PA",-75.162454,39.952280,43
Hood,8404,"Frederick,  MD",-77.412034,39.415745,92
Hope,286,"Holland,  MI",-86.101754,42.773090,200
Houston,288,"Houston,  TX",-95.369784,29.760450,11
Houston Baptist,287,"Houston,  TX",-95.369784,29.760450,11
Howard,290,"Washington,  DC",-77.031959,38.890370,13
Howard Payne,2741,"Brownwood,  TX",-98.980715,31.725271,408
Humboldt St.,291,"Arcata,  CA",-124.085154,40.867430,6
Hunter,292,"New York,  NY",-74.007124,40.714550,45
Huntingdon,1130,"Montgomery,  AL",-86.300629,32.380120,77
Husson,1133,"Bangor,  ME",-68.770775,44.801720,13
Idaho,295,"Moscow,  ID",-117.000544,46.732355,789
Idaho St.,294,"Pocatello,  ID",-112.450579,42.874720,1364
Ill. Wesleyan,300,"Bloomington,  IL",-88.997709,40.485010,248
Ill.-Chicago,302,"Chicago,  IL",-87.632409,41.884150,215
Ill.-Springfield,30050,"Springfield,  IL",-89.643604,39.801055,185
Illinois,301,"Champaign,  IL",-88.243499,40.114200,224
Illinois Col.,297,"Jacksonville,  IL",-90.231164,39.745201,179
Illinois St.,299,"Normal,  IL",-88.994139,40.510823,246
Immaculata,303,"Immaculata,  PA",-75.515038,40.035580,171
Incarnate Word,2743,"San Antonio,  TX",-98.494619,29.424490,214
Indiana,306,"Bloomington,  IN",-86.534244,39.166590,241
Indiana (PA),307,"Indiana,  PA",-79.150149,40.622905,393
Indiana St.,305,"Terre Haute,  IN",-87.413229,39.466495,151
Indianapolis,309,"Indianapolis,  IN",-86.149964,39.766910,220
Iona,310,"New Rochelle,  NY",-73.786804,40.919705,21
Iowa,312,"Iowa City,  IA",-91.526534,41.657825,210
Iowa St.,311,"Ames,  IA",-93.620199,42.025345,283
IPFW,308,"Fort Wayne,  IN",-85.138314,41.080260,242
Ithaca,313,"Ithaca,  NY",-76.495454,42.440495,131
IUPUI,2699,"Indianapolis,  IN",-86.149964,39.766910,220
Jackson St.,314,"Jackson,  MS",-90.180489,32.298690,101
Jacksonville,316,"Jacksonville,  FL",-81.656219,30.331470,7
Jacksonville St.,315,"Jacksonville,  AL",-85.761183,33.814222,216
James Madison,317,"Harrisonburg,  VA",-78.869047,38.451534,405
John Carroll,320,"University Heights,  OH",-81.536274,41.496875,317
John Jay,321,"New York,  NY",-74.007124,40.714550,45
Johns Hopkins,322,"Baltimore,  MD",-76.609264,39.290585,9
Johnson & Wales (RI),22626,"Providence,  RI",-71.411994,41.823875,85
Johnson C. Smith,323,"Charlotte,  NC",-80.837764,35.222690,226
Johnson St.,324,"Johnson,  VT",-72.676768,44.634251,153
Juniata,325,"Huntingdon,  PA",-78.011394,40.484675,196
Kalamazoo,326,"Kalamazoo,  MI",-85.601114,42.292435,257
Kansas,328,"Lawrence,  KS",-95.236534,38.973065,251
Kansas St.,327,"Manhattan,  KS",-96.561834,39.178810,313
Kean,329,"Union,  NJ",-74.268514,40.696105,35
Keene St.,330,"Keene,  NH",-72.281499,42.933205,155
Kennesaw St.,1157,"Kennesaw,  GA",-84.616764,34.023405,337
Kent St.,331,"Kent,  OH",-81.358219,41.150930,325
Kentucky,334,"Lexington,  KY",-84.500319,38.048595,297
Kentucky St.,332,"Frankfort,  KY",-84.878694,38.195070,157
Kenyon,335,"Gambier,  OH",-82.397924,40.375937,330
Keuka,1159,"Keuka Park,  NY",-77.091905,42.615430,235
Keystone,30047,"La Plume,  PA",-75.754532,41.556820,279
King (TN),30051,"Bristol,  TN",-82.221273,36.591934,535
Kings (PA),336,"Wilkes-Barre,  PA",-75.877334,41.242600,168
Knox,337,"Galesburg,  IL",-90.364659,40.946915,236
Kutztown,339,"Kutztown,  PA",-75.776488,40.518520,126
Ky. Wesleyan,333,"Owensboro,  KY",-87.113509,37.774210,119
La Roche,1163,"Pittsburgh,  PA",-79.997459,40.438335,242
La Salle,340,"Philadelphia,  PA",-75.162454,39.952280,43
La Sierra,30043,"Riverside,  CA",-117.373879,33.981630,264
La Verne,341,"La Verne,  CA",-117.765259,34.112905,348
La.-Lafayette,671,"Lafayette,  LA",-92.017054,30.220325,15
La.-Monroe,498,"Monroe,  LA",-92.119049,32.509650,28
Lafayette,342,"Easton,  PA",-75.209829,40.691195,67
LaGrange,1162,"La Grange,  GA",-85.031084,33.041415,237
Lake Erie,2746,"Painesville,  OH",-81.245244,41.724205,212
Lake Forest,344,"Lake Forest,  IL",-87.841729,42.251035,221
Lake Superior St.,345,"Sault Ste. Marie,  MI",-84.351719,46.492310,187
Lakeland,1164,"Sheboygan,  WI",-87.713749,43.749780,195
Lamar,346,"Beaumont,  TX",-94.101584,30.086150,11
Lancaster Bible,30085,"Lancaster,  PA",-76.301269,40.038045,123
Lander,1167,"Greenwood,  SC",-82.160744,34.191046,202
Lane,347,"Jackson,  TN",-88.819399,35.613900,129
Lasell,8486,"Newton,  MA",-71.207074,42.338495,37
Lawrence,348,"Appleton,  WI",-88.416564,44.261780,243
Le Moyne,349,"Syracuse,  NY",-76.147389,43.049990,124
Lebanon Valley,351,"Annville,  PA",-76.517509,40.329970,134
Lees-McRae,13302,"Banner Elk,  NC",-81.872079,36.163240,1140
Lehigh,352,"Bethlehem,  PA",-75.377784,40.630985,93
Lehman,279,"Bronx,  NY",-73.923249,40.825745,28
LeMoyne-Owen,350,"Memphis,  TN",-90.049259,35.149766,76
Lenoir-Rhyne,1170,"Hickory,  NC",-81.335604,35.734910,353
Lesley ,24317,"Cambridge,  MA",-71.106019,42.366790,16
LeTourneau,8490,"Longview,  TX",-94.741075,32.500640,117
Lewis,354,"Romeoville,  IL",-88.082024,41.644440,188
Lewis & Clark,22235,"Portland,  OR",-122.675629,45.511795,25
Liberty,355,"Lynchburg,  VA",-79.142839,37.414020,194
Limestone,1174,"Gaffney,  SC",-81.648667,35.073624,229
Lincoln (MO),356,"Jefferson City,  MO",-92.177839,38.577515,183
Lincoln (PA),357,"Lincoln University,  PA",-75.875801,39.782501,147
Lincoln Christian,30066,"Lincoln,  IL",-89.357561,40.151823,180
Lincoln Memorial,1176,"Harrogate,  TN",-83.656734,36.582670,405
Linfield,1179,"Mc Minnville,  OR",-123.199129,45.208940,48
Lipscomb,28600,"Nashville,  TN",-86.778365,36.167783,136
Livingstone,359,"Salisbury,  NC",-80.469354,35.666934,234
Lock Haven,360,"Lock Haven,  PA",-77.442230,41.137650,168
Long Beach St.,99,"Long Beach,  CA",-118.192399,33.766725,24
Long Island,361,"Brooklyn,  NY",-73.990364,40.692455,74
Longwood,363,"Farmville,  VA",-78.392601,37.301987,97
Loras,364,"Dubuque,  IA",-90.663269,42.499130,188
Louisiana Col.,1182,"Pineville,  LA",-92.434849,31.321753,39
Louisiana Tech,366,"Ruston,  LA",-92.639789,32.530501,101
Louisville,367,"Louisville,  KY",-85.766404,38.254860,140
Loyola (IL),371,"Chicago,  IL",-87.632409,41.884150,215
Loyola Maryland,369,"Baltimore,  MD",-76.609264,39.290585,9
Loyola Marymount,370,"Los Angeles,  CA",-118.245319,34.053490,98
LSU,365,"Baton Rouge,  LA",-91.186994,30.443345,21
Luther,372,"Decorah,  IA",-91.790849,43.303730,268
Lycoming,373,"Williamsport,  PA",-77.001414,41.240945,162
Lynchburg,374,"Lynchburg,  VA",-79.142839,37.414020,194
Lyndon St.,30065,"Lyndonville,  VT",-72.005456,44.534606,216
Lynn,20794,"Boca Raton,  FL",-80.089004,26.350490,8
Macalester,376,"St. Paul,  MN",-93.093326,44.943829,243
MacMurray,377,"Jacksonville,  IL",-90.231164,39.745201,179
Maine,380,"Orono,  ME",-68.673990,44.885887,20
Maine Maritime,378,"Castine,  ME",-68.798254,44.388510,
Manchester,1192,"North Manchester,  IN",-85.769494,40.999038,239
Manhattan,381,"Riverdale,  NY",-73.906967,40.900188,63
Manhattanville,382,"Purchase,  NY",-73.712963,41.036876,109
Mansfield,384,"Mansfield,  PA",-77.078484,41.808100,351
Maranatha Baptist,1194,"Watertown,  WI",-88.720469,43.197366,254
Marian (WI),1196,"Fond Du Lac,  WI",-88.447094,43.773025,231
Marietta,385,"Marietta,  OH",-81.460334,39.423096,201
Marist,386,"Poughkeepsie,  NY",-73.929374,41.706715,55
Marquette,387,"Milwaukee,  WI",-87.906844,43.041810,198
Mars Hill,1199,"Mars Hill,  NC",-82.553057,35.826403,688
Marshall,388,"Huntington,  WV",-82.445369,38.419825,172
Martin Luther,8597,"New Ulm,  MN",-94.461114,44.312225,270
Mary,30075,"Bismarck,  ND",-100.779334,46.805372,511
Mary Baldwin,389,"Staunton,  VA",-79.072719,38.150015,441
Mary Hardin-Baylor,1203,"Belton,  TX",-97.463609,31.056900,160
Mary Washington,390,"Fredericksburg,  VA",-77.459144,38.300890,14
Maryland,392,"College Park,  MD",-76.937269,38.980725,25
Marymount (VA),394,"Arlington,  VA",-77.086294,38.890510,82
Maryville (MO),395,"St. Louis,  MO",-90.199514,38.627740,149
Maryville (TN),396,"Maryville,  TN",-83.973404,35.753795,288
Marywood,397,"Scranton,  PA",-75.660794,41.410135,240
Mass. Liberal Arts,486,"North Adams,  MA",-73.114939,42.699857,214
Mass. Maritime,399,"Buzzards Bay,  MA",-70.611659,41.745815,7
Mass.-Boston,401,"Boston,  MA",-71.056699,42.358635,12
Mass.-Dartmouth,656,"North Dartmouth,  MA",-70.980832,41.640393,3
Mass.-Lowell,368,"Lowell,  MA",-71.312844,42.645890,32
Massachusetts,400,"Amherst,  MA",-72.533204,42.370772,53
McDaniel,773,"Westminster,  MD",-76.992559,39.574485,237
McMurry,8530,"Abilene,  TX",-99.741424,32.449175,529
McNeese St.,402,"Lake Charles,  LA",-93.220111,30.224033,10
Md.-East. Shore,393,"Princess Anne,  MD",-75.694954,38.209785,6
Me.-Farmington,379,"Farmington,  ME",-70.150562,44.669820,127
Me.-Presque Isle,30040,"Presque Isle,  ME",-68.015377,46.681615,141
Medaille,23725,"Buffalo,  NY",-78.878464,42.885440,188
Medgar Evers,403,"Brooklyn,  NY",-73.990364,40.692455,74
Memphis,404,"Memphis,  TN",-90.049259,35.149766,76
Menlo,405,"Atherton,  CA",-122.197799,37.462488,19
Mercer,406,"Macon,  GA",-83.627579,32.839685,101
Merchant Marine,724,"Kings Point,  NY",-73.755367,40.816674,20
Mercy,407,"Dobbs Ferry,  NY",-73.874889,41.015190,48
Mercyhurst,408,"Erie,  PA",-80.085239,42.129445,202
Meredith,409,"Raleigh,  NC",-78.642669,35.785510,97
Merrimack,410,"North Andover,  MA",-71.131240,42.703095,24
Mesa St.,11416,"Grand Junction,  CO",-108.564454,39.068790,1407
Messiah,411,"Mechanicsburg,  PA",-77.008339,40.213200,134
Methodist,412,"Fayetteville,  NC",-78.877579,35.054495,29
Metro St.,413,"Denver,  CO",-104.992259,39.740010,1603
Miami (FL),415,"Coral Gables,  FL",-80.262949,25.749238,11
Miami (OH),414,"Oxford,  OH",-84.742749,39.510493,291
Michigan,418,"Ann Arbor,  MI",-83.748479,42.281875,256
Michigan St.,416,"East Lansing,  MI",-84.483779,42.737500,265
Michigan Tech,417,"Houghton,  MI",-88.570024,47.121860,188
Middle Tenn.,419,"Murfreesboro,  TN",-86.394339,35.844400,184
Middlebury,420,"Middlebury,  VT",-73.167117,44.014999,123
Midwestern St.,1222,"Wichita Falls,  TX",-98.500994,33.908310,297
Miles,422,"Fairfield,  AL",-86.915661,33.490612,174
Millersville,423,"Millersville,  PA",-76.356599,40.003455,115
Millikin,424,"Decatur,  IL",-88.952459,39.845845,210
Mills,425,"Oakland,  CA",-122.273024,37.805065,15
Millsaps,426,"Jackson,  MS",-90.180489,32.298690,101
Milwaukee,797,"Milwaukee,  WI",-87.906844,43.041810,198
Milwaukee Engr.,20220,"Milwaukee,  WI",-87.906844,43.041810,198
Minn. Duluth,427,"Duluth,  MN",-92.099849,46.787965,211
Minn. St. Mankato,383,"Mankato,  MN",-94.002416,44.167404,238
Minn. St. Moorhead,1240,"Moorhead,  MN",-96.771664,46.875045,275
Minn.-Crookston,27854,"Crookston,  MN",-96.606454,47.774230,265
Minn.-Morris,1226,"Morris,  MN",-95.914454,45.586435,347
Minnesota,428,"Minneapolis,  MN",-93.264929,44.979035,262
Misericordia,16142,"Dallas,  PA",-75.954354,41.331985,330
Mississippi,433,"University,  MS",-89.530204,34.369970,137
Mississippi Col.,429,"Clinton,  MS",-90.329429,32.337655,115
Mississippi St.,430,"Mississippi State,  MS",-89.873745,32.585070,109
Mississippi Val.,432,"Itta Bena,  MS",-90.319889,33.495625,40
Missouri,434,"Columbia,  MO",-92.334157,38.952174,220
Missouri S&T,435,"Rolla,  MO",-91.767439,37.951449,334
Missouri St.,669,"Springfield,  MO",-93.291564,37.208975,401
MIT,398,"Cambridge,  MA",-71.106019,42.366790,16
Mitchell,30042,"New London,  CT",-72.096469,41.356445,7
Mo. Southern St.,9012,"Joplin,  MO",-94.513469,37.084761,306
Mo. Western St.,9013,"St. Joseph,  MO",-94.856074,39.766600,275
Mo.-St. Louis,436,"St. Louis,  MO",-90.199514,38.627740,149
Molloy,437,"Rockville Centre,  NY",-73.645469,40.659310,10
Monmouth,439,"West Long Branch,  NJ",-74.016035,40.290667,9
Monmouth (IL),438,"Monmouth,  IL",-90.650169,40.912085,233
Mont. St. Billings,205,"Billings,  MT",-108.505794,45.783975,957
Montana,441,"Missoula,  MT",-113.996234,46.872780,979
Montana St.,440,"Bozeman,  MT",-111.033179,45.679325,1467
Montclair St.,442,"Montclair,  NJ",-74.212272,40.812080,75
Montevallo,1238,"Montevallo,  AL",-86.862594,33.100615,127
Moravian,443,"Bethlehem,  PA",-75.377784,40.630985,93
Morehead St.,444,"Morehead,  KY",-83.437884,38.178045,222
Morehouse,445,"Atlanta,  GA",-84.391109,33.748315,322
Morgan St.,446,"Baltimore,  MD",-76.609264,39.290585,9
Morningside,447,"Sioux City,  IA",-96.420944,42.499810,350
Morris Brown,448,"Atlanta,  GA",-84.391109,33.748315,322
Morrisville St.,30067,"Morrisville,  NY",-75.646179,42.898950,404
Mount Holyoke,449,"South Hadley,  MA",-72.574914,42.259310,77
Mount Ida,27901,"Newton,  MA",-71.207074,42.338495,37
Mount Olive,1245,"Mount Olive,  NC",-78.069204,35.197565,50
Mount Union,452,"Alliance,  OH",-81.105844,40.921365,337
Mt. Aloysius,30036,"Cresson,  PA",-78.591557,40.460022,618
Mt. Mary,30033,"Milwaukee,  WI",-87.906844,43.041810,198
Mt. St. Joseph,8567,"Cincinnati,  OH",-84.504552,39.106614,179
Mt. St. Mary (NY),1468,"Newburgh,  NY",-74.010229,41.499945,41
Mt. St. Marys,450,"Emmitsburg,  MD",-77.325314,39.704355,133
Mt. St. Vincent,451,"Bronx,  NY",-73.923249,40.825745,28
Muhlenberg,453,"Allentown,  PA",-75.470204,40.602570,112
Murray St.,454,"Murray,  KY",-88.302039,36.610230,156
Muskingum,455,"New Concord,  OH",-81.741724,39.993140,273
N.C. A&T,488,"Greensboro,  NC",-79.794704,36.068994,249
N.C. Central,489,"Durham,  NC",-78.896014,35.995275,121
N.C. Wesleyan,491,"Rocky Mount,  NC",-77.794989,35.948840,30
N.M. Highlands,8577,"Las Vegas,  NM",-105.216289,35.595682,1963
Navy,726,"Annapolis,  MD",-76.489934,38.976700,
Nazareth,461,"Rochester,  NY",-77.616033,43.155500,159
Neb. Wesleyan,462,"Lincoln,  NE",-96.707739,40.813620,373
Neb.-Kearney,1156,"Kearney,  NE",-99.083689,40.700470,660
Neb.-Omaha,464,"Omaha,  NE",-95.940469,41.260675,331
Nebraska,463,"Lincoln,  NE",-96.707739,40.813620,373
Neumann,1254,"Aston,  PA",-75.448189,39.874280,82
Nevada,466,"Reno,  NV",-119.813439,39.527385,1377
New England Col.,467,"Henniker,  NH",-71.821774,43.175140,145
New Hampshire,469,"Durham,  NH",-70.924809,43.134245,18
New Haven,470,"West Haven,  CT",-72.950717,41.271948,9
New Jersey City,319,"Jersey City,  NJ",-74.043234,40.717400,7
New Mexico,473,"Albuquerque,  NM",-106.648639,35.084180,1515
New Mexico St.,472,"Las Cruces,  NM",-106.777849,32.306900,1187
New Orleans,474,"New Orleans,  LA",-90.077749,29.953700,15
New Paltz St.,475,"New Paltz,  NY",-74.078459,41.746115,109
New Rochelle,476,"New Rochelle,  NY",-73.786804,40.919705,21
New York U.,479,"New York,  NY",-74.007124,40.714550,45
Newberry,1257,"Newberry,  SC",-81.619244,34.274555,152
Newbury,21772,"Brookline,  MA",-71.120476,42.333473,18
Newman,30054,"Wichita,  KS",-97.335579,37.686980,410
Niagara,482,"Niagara University,  NY",-79.031433,43.139050,184
Nicholls St.,483,"Thibodaux,  LA",-90.822529,29.795520,10
Nichols,484,"Dudley,  MA",-71.907837,42.042130,157
NJIT,471,"Newark,  NJ",-74.174184,40.731970,14
Norfolk St.,485,"Norfolk,  VA",-76.285069,36.846825,5
North Ala.,487,"Florence,  AL",-87.675254,34.800465,177
North Carolina,457,"Chapel Hill,  NC",-79.056701,35.914771,136
North Carolina St.,490,"Raleigh,  NC",-78.642669,35.785510,97
North Central (IL),492,"Naperville,  IL",-88.153019,41.770535,210
North Central (MN),30039,"Minneapolis,  MN",-93.264929,44.979035,262
North Dakota,494,"Grand Forks,  ND",-97.032034,47.924085,258
North Dakota St.,493,"Fargo,  ND",-96.781764,46.875910,271
North Florida,2711,"Jacksonville,  FL",-81.656219,30.331470,7
North Ga.,30052,"Dahlonega,  GA",-83.984185,34.533057,443
North Greenville,9223,"Tigerville,  SC",-82.369209,35.070339,309
North Park,496,"Chicago,  IL",-87.632409,41.884150,215
North Texas,497,"Denton,  TX",-97.130984,33.216565,194
Northeastern,500,"Boston,  MA",-71.056699,42.358635,12
Northeastern St.,12810,"Tahlequah,  OK",-94.972649,35.911360,243
Northern Ariz.,501,"Flagstaff,  AZ",-111.651304,35.198200,2107
Northern Colo.,502,"Greeley,  CO",-104.694459,40.423270,1423
Northern Ill.,503,"De Kalb,  IL",-88.749304,41.929305,270
Northern Ky.,505,"Highland Heights,  KY",-84.454147,39.036058,257
Northern Mich.,506,"Marquette,  MI",-87.413684,46.545840,235
Northern St.,1266,"Aberdeen,  SD",-98.487324,45.459090,399
Northland,1267,"Ashland,  WI",-90.886310,46.585402,205
Northwest Mo. St.,507,"Maryville,  MO",-94.872909,40.347457,353
Northwest Nazarene,1274,"Nampa,  ID",-116.569624,43.582635,761
Northwestern,509,"Evanston,  IL",-87.686589,42.056655,189
Northwestern (MN),30031,"St. Paul,  MN",-93.093326,44.943829,243
Northwestern St.,508,"Natchitoches,  LA",-93.086984,31.760955,40
Northwood (MI),510,"Midland,  MI",-84.245059,43.617080,193
Norwich,511,"Northfield,  VT",-72.655846,44.149800,229
Notre Dame,513,"Notre Dame,  IN",-86.239189,41.700748,227
Notre Dame (MD),8600,"Baltimore,  MD",-76.609264,39.290585,9
Notre Dame de Namur,30056,"Belmont,  CA",-122.276209,37.518340,11
Nova Southeastern,24639,"Fort Lauderdale,  FL",-80.143564,26.123670,13
Nyack,1277,"Nyack,  NY",-73.918159,41.091270,32
NYIT,477,"Old Westbury,  NY",-73.600305,40.781238,49
Oakland,514,"Rochester,  MI",-83.137020,42.683259,231
Oakland City,1278,"Oakland City,  IN",-87.345139,38.334108,134
Oberlin,515,"Oberlin,  OH",-82.217354,41.292925,250
Occidental,516,"Los Angeles,  CA",-118.245319,34.053490,98
Oglethorpe,2713,"Atlanta,  GA",-84.391109,33.748315,322
Ohio,519,"Athens,  OH",-82.104440,39.328502,229
Ohio Northern,517,"Ada,  OH",-83.823219,40.775990,293
Ohio St.,518,"Columbus,  OH",-83.002984,39.961960,238
Ohio Valley,15207,"Vienna,  WV",-81.548339,39.324820,195
Ohio Wesleyan,520,"Delaware,  OH",-83.065795,40.300745,263
Okla. Panhandle,24342,"Goodwell,  OK",-101.629314,36.591370,1003
Oklahoma,522,"Norman,  OK",-97.446599,35.220760,361
Oklahoma St.,521,"Stillwater,  OK",-97.058654,36.116250,275
Old Dominion,523,"Norfolk,  VA",-76.285069,36.846825,5
Old Westbury,524,"Old Westbury,  NY",-73.600305,40.781238,49
Olivet,525,"Olivet,  MI",-84.924118,42.445742,271
Oneonta St.,526,"Oneonta,  NY",-75.060274,42.455310,344
Oral Roberts,527,"Tulsa,  OK",-95.993334,36.149745,240
Oregon,529,"Eugene,  OR",-123.088544,44.049920,133
Oregon St.,528,"Corvallis,  OR",-123.263534,44.565040,71
Oswego St.,530,"Oswego,  NY",-76.511194,43.456460,78
Otterbein,531,"Westerville,  OH",-82.931439,40.125485,262
Ouachita Baptist,1289,"Arkadelphia,  AR",-93.054129,34.120970,82
Ozarks (AR),23008,"Clarksville,  AR",-93.466344,35.471700,121
P.R.-Bayamon,2682,"Bayamon,  PR",-66.147379,18.394095,
P.R.-Cayey,1321,"Cayey,  PR",-66.169599,18.114470,
P.R.-Humacao,27859,"Humacao          ,  PR",-65.823374,18.151470,
P.R.-Mayaguez,24361,"Mayaguez,  PR",-67.146469,18.203831,
P.R.-Rio Piedras,2716,"San Juan,  PR",-66.106654,18.466170,
Pace,533,"Pleasantville,  NY",-73.791692,41.134364,100
Pacific,534,"Stockton,  CA",-121.290754,37.953680,10
Pacific (OR),2751,"Forest Grove,  OR",-123.111169,45.519015,64
Pacific Lutheran,1297,"Tacoma,  WA",-122.441654,47.255135,55
Paine,535,"Augusta,  GA",-81.975309,33.479090,42
Palm Beach Atl.,30045,"West Palm Beach,  FL",-80.052689,26.714388,11
Peace,17094,"Raleigh,  NC",-78.642669,35.785510,97
Penn,540,"Philadelphia,  PA",-75.162454,39.952280,43
Penn St.,539,"University Park,  PA",-77.862555,40.797837,362
Penn St.-Abington,30114,"Abington,  PA",-75.121431,40.115159,109
Penn St.-Altoona,25719,"Altoona,  PA",-78.398904,40.507190,370
Penn St.-Behrend,538,"Erie,  PA",-80.085239,42.129445,202
Penn St.-Berks,30044,"Reading,  PA",-75.927843,40.336585,91
Penn St.-Harrisburg,30081,"Middletown,  PA",-76.732374,40.195270,101
Pepperdine,541,"Malibu,  CA",-118.689574,34.036175,8
Pfeiffer,542,"Misenheimer,  NC",-80.286949,35.484638,206
Phila. Biblical,1305,"Langhorne,  PA",-74.918884,40.176396,69
Philadelphia U.,543,"Philadelphia,  PA",-75.162454,39.952280,43
Piedmont,21830,"Demorest,  GA",-83.546001,34.564104,414
Pine Manor,544,"Chestnut Hill,  MA",-71.164564,42.326095,57
Pitt.-Bradford,1315,"Bradford,  PA",-78.650479,41.955860,441
Pitt.-Greensburg,11839,"Greensburg,  PA",-79.543159,40.299245,323
Pitt.-Johnstown,546,"Johnstown,  PA",-78.918354,40.327260,358
Pittsburg St.,1314,"Pittsburg,  KS",-94.704829,37.410565,288
Pittsburgh,545,"Pittsburgh,  PA",-79.997459,40.438335,242
Plattsburgh St.,547,"Plattsburgh,  NY",-73.453032,44.699130,42
Plymouth St.,548,"Plymouth,  NH",-71.688166,43.757797,154
Polytechnic (NY),481,"Brooklyn,  NY",-73.990364,40.692455,74
Pomona-Pitzer,549,"Claremont,  CA",-117.716404,34.096100,366
Portland,551,"Portland,  OR",-122.675629,45.511795,25
Portland St.,550,"Portland,  OR",-122.675629,45.511795,25
Post,1318,"Waterbury,  CT",-73.046179,41.554077,96
Prairie View,553,"Prairie View,  TX",-95.989019,30.087610,88
Presbyterian,1320,"Clinton,  SC",-81.880744,34.471765,206
Presentation,30034,"Aberdeen,  SD",-98.487324,45.459090,399
Princeton,554,"Princeton,  NJ",-74.659119,40.349855,63
Principia,555,"Elsah,  IL",-90.361164,38.954385,148
Providence,556,"Providence,  RI",-71.411994,41.823875,85
Puget Sound,557,"Tacoma,  WA",-122.441654,47.255135,55
Purchase St.,30029,"Purchase,  NY",-73.712963,41.036876,109
Purdue,559,"West Lafayette,  IN",-86.913674,40.431025,196
Queens (NC),11504,"Charlotte,  NC",-80.837764,35.222690,226
Queens (NY),560,"Flushing,  NY",-73.830038,40.763583,7
Quincy,561,"Quincy,  IL",-91.395829,39.935599,196
Quinnipiac,562,"Hamden,  CT",-72.901699,41.383975,23
Radford,563,"Radford,  VA",-80.589964,37.120690,548
Ramapo,564,"Mahwah,  NJ",-74.157768,41.085011,110
Randolph,566,"Lynchburg,  VA",-79.142839,37.414020,194
Randolph-Macon,565,"Ashland,  VA",-77.479343,37.758852,70
Redlands,567,"Redlands,  CA",-117.182580,34.055282,419
Regis (CO),568,"Denver,  CO",-104.992259,39.740010,1603
Regis (MA),569,"Weston,  MA",-71.298775,42.369023,75
Reneau,431,"Columbus,  MS",-88.428804,33.495035,68
Rensselaer,570,"Troy,  NY",-73.688094,42.734495,10
Rhode Island,572,"Kingston,  RI",-71.521742,41.479990,88
Rhode Island Col.,571,"Providence,  RI",-71.411994,41.823875,85
Rhodes,573,"Memphis,  TN",-90.049259,35.149766,76
Rice,574,"Houston,  TX",-95.369784,29.760450,11
Richard Stockton,681,"Galloway,  NJ",-74.500763,39.467419,20
Richmond,575,"Richmond,  VA",-77.433654,37.540700,58
Rider,576,"Lawrenceville,  NJ",-74.728897,40.298431,42
Ripon,577,"Ripon,  WI",-88.837054,43.845820,282
Rivier,18422,"Nashua,  NH",-71.464209,42.758365,52
Roanoke,578,"Salem,  VA",-80.053093,37.293668,323
Robert Morris,579,"Moon Township,  PA",-80.207284,40.505230,348
Rochester (NY),581,"Rochester,  NY",-77.616033,43.155500,159
Rochester Inst.,580,"Rochester,  NY",-77.616033,43.155500,159
Rockford,582,"Rockford,  IL",-89.078354,42.266900,230
Rockhurst,1328,"Kansas City,  MO",-94.583062,39.102960,279
Roger Williams,583,"Bristol,  RI",-71.276370,41.669924,50
Rollins,584,"Winter Park,  FL",-81.350716,28.594574,35
Rose-Hulman,585,"Terre Haute,  IN",-87.413229,39.466495,151
Rosemont,15882,"Rosemont,  PA",-75.324181,40.027729,119
Rowan,259,"Glassboro,  NJ",-75.111036,39.707114,45
Rust,586,"Holly Springs,  MS",-89.448594,34.768985,180
Rutgers,587,"New Brunswick,  NJ",-74.443809,40.494770,19
Rutgers-Camden,588,"Camden,  NJ",-75.119129,39.945255,16
Rutgers-Newark,589,"Newark,  NJ",-74.174184,40.731970,14
S.C. Aiken,11276,"Aiken,  SC",-81.722139,33.561645,161
S.C. Upstate,10411,"Spartanburg,  SC",-81.934869,34.948255,240
Sacramento St.,102,"Sacramento,  CA",-121.491014,38.579065,11
Sacred Heart,590,"Fairfield,  CT",-73.229624,41.165815,8
Sage Colleges,11036,"Troy,  NY",-73.688094,42.734495,10
Saginaw Valley,591,"University Center,  MI",-83.984352,43.556690,182
Salem,30041,"Winston-Salem,  NC",-80.241094,36.099625,279
Salem Intl,19117,"Salem,  WV",-80.558427,39.282645,325
Salem St.,621,"Salem,  MA",-70.895809,42.522400,13
Salisbury,622,"Salisbury,  MD",-75.595319,38.365735,6
Salve Regina,623,"Newport,  RI",-71.311334,41.492165,24
Sam Houston St.,624,"Huntsville,  TX",-95.552179,30.723780,111
Samford,625,"Birmingham,  AL",-86.811504,33.520295,189
San Diego,627,"San Diego,  CA",-117.161719,32.715695,33
San Diego St.,626,"San Diego,  CA",-117.161719,32.715695,33
San Fran. St.,628,"San Francisco,  CA",-122.419644,37.777125,21
San Francisco,629,"San Francisco,  CA",-122.419644,37.777125,21
San Jose St.,630,"San Jose,  CA",-121.885794,37.338475,21
Santa Clara,631,"Santa Clara,  CA",-121.954262,37.355509,15
Savannah St.,632,"Savannah,  GA",-81.090719,32.080780,4
SCAD,16006,"Savannah,  GA",-81.090719,32.080780,4
Schreiner,1355,"Kerrville,  TX",-99.145314,30.051585,504
Scranton,633,"Scranton,  PA",-75.660794,41.410135,240
Seattle,1356,"Seattle,  WA",-122.329439,47.603560,40
Seattle Pacific,634,"Seattle,  WA",-122.329439,47.603560,40
Seton Hall,635,"South Orange,  NJ",-74.258259,40.747345,53
Seton Hill,30063,"Greensburg,  PA",-79.543159,40.299245,323
Sewanee,652,"Sewanee,  TN",-85.917724,35.194680,573
Shaw,636,"Raleigh,  NC",-78.642669,35.785510,97
Shenandoah,637,"Winchester,  VA",-78.164049,39.184005,216
Shepherd,10870,"Shepherdstown,  WV",-77.805039,39.430585,123
Shippensburg,638,"Shippensburg,  PA",-77.517199,40.051845,211
Siena,639,"Loudonville,  NY",-73.755470,42.705490,112
Simmons,640,"Boston,  MA",-71.056699,42.358635,12
Simpson,641,"Indianola,  IA",-93.558959,41.358270,294
SIU Edwardsville,660,"Edwardsville,  IL",-89.956805,38.813372,164
Skidmore,642,"Saratoga Springs,  NY",-73.784579,43.083700,93
Slippery Rock,643,"Slippery Rock,  PA",-80.055614,41.064600,394
Smith,644,"Northampton,  MA",-72.632384,42.317816,51
SMU,663,"Dallas,  TX",-96.795404,32.778155,149
Sonoma St.,645,"Rohnert Park,  CA",-122.712119,38.343688,28
South Ala.,646,"Mobile,  AL",-88.053239,30.686395,10
South Carolina,648,"Columbia,  SC",-81.045249,33.998550,66
South Carolina St.,647,"Orangeburg,  SC",-80.864719,33.489350,76
South Dakota,650,"Vermillion,  SD",-96.928029,42.786685,376
South Dakota St.,649,"Brookings,  SD",-96.798549,44.310955,494
South Fla.,651,"Tampa,  FL",-82.459269,27.946530,41
Southampton,2753,"Southampton,  NY",-72.385075,40.888017,12
Southeast Mo. St.,654,"Cape Girardeau,  MO",-89.544529,37.302715,116
Southeastern La.,655,"Hammond,  LA",-90.458444,30.504175,19
Southeastern Okla.,1371,"Durant,  OK",-96.386024,33.993208,204
Southern Ark.,1376,"Magnolia,  AR",-93.240879,33.267485,107
Southern California,657,"Los Angeles,  CA",-118.245319,34.053490,98
Southern Conn. St.,658,"New Haven,  CT",-72.924979,41.307130,19
Southern Ill.,659,"Carbondale,  IL",-89.215799,37.727300,125
Southern Ind.,661,"Evansville,  IN",-87.564125,37.976911,117
Southern Me.,662,"Gorham,  ME",-70.441749,43.677590,67
Southern Miss.,664,"Hattiesburg,  MS",-89.290719,31.327357,50
Southern N.H.,468,"Manchester,  NH",-71.463089,42.991175,69
Southern U.,665,"Baton Rouge,  LA",-91.186994,30.443345,21
Southern Utah,667,"Cedar City,  UT",-113.061764,37.677950,1780
Southern Vt.,1379,"Bennington,  VT",-73.198185,42.876730,210
Southwest Baptist,2755,"Bolivar,  MO",-93.411904,37.614369,324
Southwest Minn. St.,8736,"Marshall,  MN",-95.791673,44.449010,354
Southwestern (TX),8746,"Georgetown,  TX",-97.677014,30.637910,231
Southwestern Okla.,8744,"Weatherford,  OK",-98.707034,35.526080,508
Spalding,23260,"Louisville,  KY",-85.766404,38.254860,140
Spelman,26973,"Atlanta,  GA",-84.391109,33.748315,322
Springfield,673,"Springfield,  MA",-72.589294,42.101250,26
St. Andrews,592,"Laurinburg,  NC",-79.463368,34.774342,71
St. Anselm,593,"Manchester,  NH",-71.463089,42.991175,69
St. Augustines,594,"Raleigh,  NC",-78.642669,35.785510,97
St. Benedict,595,"St. Joseph,  MN",-94.318894,45.569185,330
St. Bonaventure,596,"St. Bonaventure,  NY",-78.480526,42.081497,439
St. Catherine,597,"St. Paul,  MN",-93.093326,44.943829,243
St. Cloud St.,598,"St. Cloud,  MN",-94.197519,45.565860,320
St. Edwards,1334,"Austin,  TX",-97.742984,30.267605,159
St. Elizabeth,9684,"Morristown,  NJ",-74.477132,40.793011,118
St. Francis (NY),599,"Brooklyn Heights,  NY",-73.994133,40.695122,36
St. Francis (PA),600,"Loretto,  PA",-78.637030,40.508857,622
St. John Fisher,601,"Rochester,  NY",-77.616033,43.155500,159
St. Johns (MN),602,"Collegeville,  MN",-94.367867,45.592651,345
St. Johns (NY),603,"Queens,  NY",-73.829959,40.713985,21
St. Joseph (CT),8687,"West Hartford,  CT",-72.744429,41.758770,43
St. Josephs,606,"Philadelphia,  PA",-75.162454,39.952280,43
St. Josephs (Brkln),30072,"Brooklyn,  NY",-73.990364,40.692455,74
St. Josephs (IN),604,"Rensselaer,  IN",-87.150354,40.936125,204
St. Josephs (L.I.),1340,"Patchogue,  NY",-73.011186,40.762203,7
St. Josephs (ME),605,"Standish,  ME",-70.540956,43.730568,107
St. Lawrence,607,"Canton,  NY",-75.169829,44.599945,128
St. Leo,608,"Saint Leo,  FL",-82.259524,28.335610,65
St. Louis,609,"St. Louis,  MO",-90.199514,38.627740,149
St. Martins,1343,"Lacey,  WA",-122.823239,47.044405,60
St. Marys (CA),610,"Moraga,  CA",-122.127284,37.853475,177
St. Marys (IN),8688,"Notre Dame,  IN",-86.239189,41.700748,227
St. Marys (MD),611,"St. Mary's City,  MD",-89.949693,37.879566,113
St. Marys (MN),612,"Winona,  MN",-91.638594,44.051295,203
St. Marys (TX),1346,"San Antonio,  TX",-98.494619,29.424490,214
St. Michaels,613,"Colchester,  VT",-73.208924,44.536400,56
St. Norbert,614,"De Pere,  WI",-88.059874,44.448955,187
St. Olaf,615,"Northfield,  MN",-93.153759,44.449600,293
St. Pauls,616,"Lawrenceville,  VA",-77.845048,36.761678,59
St. Peters,617,"Jersey City,  NJ",-74.043234,40.717400,7
St. Rose,1347,"Albany,  NY",-73.755254,42.651445,41
St. Scholastica,618,"Duluth,  MN",-92.099849,46.787965,211
St. Thomas (MN),620,"St. Paul,  MN",-93.093326,44.943829,243
St. Thomas Aquinas,1348,"Sparkill,  NY",-73.926533,41.026008,25
St. Vincent,30064,"Latrobe,  PA",-79.384944,40.316645,309
Stanford,674,"Stanford,  CA",-122.168924,37.431370,22
Staten Island,675,"Staten Island,  NY",-74.075283,40.642440,
Stephen F. Austin,676,"Nacogdoches,  TX",-94.655620,31.603587,98
Stephens,2756,"Columbia,  MO",-92.334157,38.952174,220
Stetson,678,"DeLand,  FL",-81.305444,29.027620,18
Stevens Institute,679,"Hoboken,  NJ",-74.030969,40.737165,12
Stevenson,21852,"Stevenson,  MD",-76.713213,39.410444,101
Stillman,680,"Tuscaloosa,  AL",-87.566214,33.210435,69
Stonehill,682,"Easton,  MA",-71.088847,42.074730,66
Stony Brook,683,"Stony Brook,  NY",-73.129583,40.919163,34
Suffolk,684,"Boston,  MA",-71.056699,42.358635,12
Sul Ross St.,1390,"Alpine,  TX",-103.664519,30.358618,1366
SUNY Cortland,168,"Cortland,  NY",-76.174824,42.603495,339
SUNY Geneseo,247,"Geneseo,  NY",-77.816160,42.793381,243
SUNY Maritime,478,"Throggs Neck,  NY",-73.820126,40.822422,13
SUNY Potsdam,552,"Potsdam,  NY",-74.985889,44.669865,123
SUNYIT,9500,"Utica,  NY",-75.242762,43.095808,154
Susquehanna,685,"Selinsgrove,  PA",-76.861842,40.799865,138
Swarthmore,686,"Swarthmore,  PA",-75.347944,39.900880,45
Sweet Briar,687,"Sweet Briar,  VA",-79.065086,37.558048,208
Syracuse,688,"Syracuse,  NY",-76.147389,43.049990,124
Tampa,689,"Tampa,  FL",-82.459269,27.946530,41
Tarleton St.,1395,"Stephenville,  TX",-98.201954,32.220320,393
TCNJ,712,"Ewing,  NJ",-74.800613,40.269791,55
TCU,698,"Fort Worth,  TX",-97.329389,32.748855,197
Temple,690,"Philadelphia,  PA",-75.162454,39.952280,43
Tennessee,694,"Knoxville,  TN",-83.920914,35.960495,283
Tennessee St.,691,"Nashville,  TN",-86.778365,36.167783,136
Tennessee Tech,692,"Cookeville,  TN",-85.499804,36.161930,342
Tex. A&M Intl,30090,"Laredo,  TX",-99.502009,27.530920,128
Tex. A&M-Commerce,199,"Commerce,  TX",-95.898194,33.250440,176
Tex. A&M-Kingsville,696,"Kingsville,  TX",-97.855429,27.515735,20
Tex. Permian Basin,30088,"Odessa,  TX",-102.375189,31.849150,889
Tex.-Pan American,536,"Edinburg,  TX",-98.160699,26.301160,34
Texas,703,"Austin,  TX",-97.742984,30.267605,159
Texas A&M,697,"College Station,  TX",-96.325904,30.620545,97
Texas Lutheran,1400,"Seguin,  TX",-97.964649,29.569270,166
Texas Southern,699,"Houston,  TX",-95.369784,29.760450,11
Texas St.,670,"San Marcos,  TX",-97.930779,29.885099,180
Texas Tech,700,"Lubbock,  TX",-101.845009,33.584510,975
Texas Wesleyan,1401,"Fort Worth,  TX",-97.329389,32.748855,197
Texas Womans,701,"Denton,  TX",-97.130984,33.216565,194
Texas-Arlington,702,"Arlington,  TX",-97.107719,32.735600,190
Texas-Dallas,23121,"Richardson,  TX",-96.732969,32.960745,202
Texas-Tyler,30028,"Tyler,  TX",-95.294299,32.347475,168
Thiel,707,"Greenville,  PA",-80.388029,41.405405,297
Thomas (ME),2758,"Waterville,  ME",-69.631349,44.552795,33
Thomas More,1402,"Crestview Hills,  KY",-84.573293,39.024920,262
Tiffin,1403,"Tiffin,  OH",-83.176669,41.115224,230
Toledo,709,"Toledo,  OH",-83.536259,41.653810,186
Towson,711,"Towson,  MD",-76.605364,39.399935,142
Transylvania,28749,"Lexington,  KY",-84.500319,38.048595,297
Trine,30037,"Angola,  IN",-84.998599,41.634874,321
Trinity (CT),713,"Hartford,  CT",-72.674069,41.763325,36
Trinity (DC),23413,"Washington,  DC",-77.031959,38.890370,13
Trinity (TX),715,"San Antonio,  TX",-98.494619,29.424490,214
Troy,716,"Troy,  AL",-85.972173,31.809675,166
Truman,499,"Kirksville,  MO",-92.571994,40.194260,294
Tufts,717,"Medford,  MA",-71.108759,42.419815,10
Tulane,718,"New Orleans,  LA",-90.077749,29.953700,15
Tulsa,719,"Tulsa,  OK",-95.993334,36.149745,240
Tusculum,12830,"Greeneville,  TN",-82.831154,36.162720,465
Tuskegee,720,"Tuskegee,  AL",-85.689779,32.424055,144
U New England,1255,"Biddeford,  ME",-70.456891,43.493767,22
UAB,9,"Birmingham,  AL",-86.811504,33.520295,189
UALR,32,"Little Rock,  AR",-92.274494,34.748655,96
UC Davis,108,"Davis,  CA",-121.744576,38.546699,16
UC Irvine,109,"Irvine,  CA",-117.825348,33.686887,19
UC Riverside,111,"Riverside,  CA",-117.373879,33.981630,264
UC San Diego,112,"La Jolla,  CA",-117.272276,32.842592,39
UC Santa Barbara,104,"Santa Barbara,  CA",-119.698869,34.419255,17
UC Santa Cruz,113,"Santa Cruz,  CA",-122.030954,36.974025,11
UC-Colo. Springs,9754,"Colorado Springs,  CO",-104.821814,38.833450,1837
UCF,128,"Orlando,  FL",-81.377389,28.538235,38
UCLA,110,"Los Angeles,  CA",-118.245319,34.053490,98
UMBC,391,"Baltimore,  MD",-76.609264,39.290585,9
UMKC,2707,"Kansas City,  MO",-94.583062,39.102960,279
UNC Asheville,456,"Asheville,  NC",-82.553144,35.598460,661
UNC Greensboro,459,"Greensboro,  NC",-79.794704,36.068994,249
UNC Pembroke,537,"Pembroke,  NC",-79.193043,34.679251,50
UNC Wilmington,460,"Wilmington,  NC",-77.945992,34.234970,14
UNI,504,"Cedar Falls,  IA",-92.445554,42.528145,268
Union (NY),727,"Schenectady,  NY",-73.941026,42.812260,78
UNLV,465,"Las Vegas,  NV",-115.139974,36.171915,616
Upper Iowa,728,"Fayette,  IA",-91.801509,42.842075,308
Ursinus,730,"Collegeville,  PA",-75.452535,40.186967,53
USP,28594,"Philadelphia,  PA",-75.162454,39.952280,43
UT Martin,695,"Martin,  TN",-88.850530,36.342634,127
Utah,732,"Salt Lake City,  UT",-111.888229,40.759505,1311
Utah St.,731,"Logan,  UT",-111.834849,41.736185,1380
Utah Valley,30024,"Orem,  UT",-111.695419,40.298060,1461
UTEP,704,"El Paso,  TX",-106.487494,31.759165,1133
Utica,733,"Utica,  NY",-75.242762,43.095808,154
UTSA,706,"San Antonio,  TX",-98.494619,29.424490,214
Va. Wesleyan,745,"Norfolk,  VA",-76.285069,36.846825,5
Valdosta St.,734,"Valdosta,  GA",-83.280929,30.834729,67
Valparaiso,735,"Valparaiso,  IN",-87.061629,41.467756,239
Vanderbilt,736,"Nashville,  TN",-86.778365,36.167783,136
Vassar,737,"Poughkeepsie,  NY",-73.929374,41.706715,55
VCU,740,"Richmond,  VA",-77.433654,37.540700,58
Vermont,738,"Burlington,  VT",-73.213234,44.475920,65
Villanova,739,"Villanova,  PA",-75.349030,40.031761,136
Virginia,746,"Charlottesville,  VA",-78.477529,38.032130,149
Virginia St.,743,"Petersburg,  VA",-77.403479,37.228155,23
Virginia Tech,742,"Blacksburg,  VA",-80.410584,37.226263,643
Virginia Union,744,"Richmond,  VA",-77.433654,37.540700,58
VMI,741,"Lexington,  VA",-79.441469,37.785485,305
Wabash,747,"Crawfordsville,  IN",-86.901379,40.042285,233
Wagner,748,"Staten Island,  NY",-74.075283,40.642440,
Wake Forest,749,"Winston-Salem,  NC",-80.241094,36.099625,279
Wartburg,750,"Waverly,  IA",-92.476269,42.725715,284
Wash. & Jeff.,751,"Washington,  PA",-80.246479,40.167525,335
Wash. & Lee,752,"Lexington,  VA",-79.441469,37.785485,305
Washburn,2814,"Topeka,  KS",-95.671184,39.049285,281
Washington,756,"Seattle,  WA",-122.329439,47.603560,40
Washington Adventist,1029,"Takoma Park,  MD",-77.009879,38.981265,71
Washington Col.,753,"Chestertown,  MD",-76.065992,39.212228,10
Washington St.,754,"Pullman,  WA",-117.181494,46.730155,715
Washington-St. Louis,755,"St. Louis,  MO",-90.199514,38.627740,149
Wayne St. (MI),757,"Detroit,  MI",-83.047924,42.331685,192
Wayne St. (NE),1433,"Wayne,  NE",-97.017809,42.230830,439
Waynesburg,1434,"Waynesburg,  PA",-80.185769,39.896456,310
Weber St.,758,"Ogden,  UT",-111.970459,41.222365,1322
Webster,759,"St. Louis,  MO",-90.199514,38.627740,149
Wellesley,760,"Wellesley,  MA",-71.289744,42.297760,46
Wells,761,"Aurora,  NY",-76.702929,42.757710,135
Wentworth Inst.,762,"Boston,  MA",-71.056699,42.358635,12
Wesley,763,"Dover,  DE",-75.524734,39.158035,12
Wesleyan (CT),764,"Middletown,  CT",-72.649839,41.562660,14
Wesleyan (GA),14718,"Macon,  GA",-83.627579,32.839685,101
West Ala.,358,"Livingston,  AL",-88.186874,32.583785,45
West Chester,765,"West Chester,  PA",-75.598484,39.963510,131
West Fla.,11740,"Pensacola,  FL",-87.217239,30.420845,24
West Ga.,766,"Carrollton,  GA",-85.078441,33.580994,334
West Liberty,1438,"West Liberty,  WV",-80.587836,40.169005,364
West Tex. A&M,767,"Canyon,  TX",-101.936274,34.985605,1080
West Va. Tech,14901,"Montgomery,  WV",-81.328779,38.180655,190
West Va. Wesleyan,9630,"Buckhannon,  WV",-80.231740,38.993259,438
West Virginia,768,"Morgantown,  WV",-79.957849,39.630375,267
West Virginia St.,1439,"Institute,  WV",-81.765984,38.383179,193
Western Caro.,769,"Cullowhee,  NC",-83.187819,35.307740,641
Western Conn. St.,770,"Danbury,  CT",-73.453592,41.392682,125
Western Ill.,771,"Macomb,  IL",-90.669479,40.459895,215
Western Ky.,772,"Bowling Green,  KY",-86.445584,36.994625,151
Western Mich.,774,"Kalamazoo,  MI",-85.601114,42.292435,257
Western N.M.,1445,"Silver City,  NM",-108.275004,32.769975,1801
Western New Eng.,775,"Springfield,  MA",-72.589294,42.101250,26
Western Ore.,1446,"Monmouth,  OR",-123.236254,44.848560,64
Western St.,2759,"Gunnison,  CO",-106.926856,38.544950,2356
Western Wash.,1448,"Bellingham,  WA",-122.471219,48.752350,20
Westfield St.,777,"Westfield,  MA",-72.754675,42.120177,49
Westminster (MO),1450,"Fulton,  MO",-91.947068,38.846975,234
Westminster (PA),1451,"New Wilmington,  PA",-80.333499,41.122470,314
Wheaton (IL),778,"Wheaton,  IL",-88.110629,41.866060,234
Wheaton (MA),779,"Norton,  MA",-71.178569,41.971419,55
Wheeling Jesuit,12799,"Wheeling,  WV",-80.721424,40.063965,211
Wheelock,8896,"Boston,  MA",-71.056699,42.358635,12
Whitman,780,"Walla Walla,  WA",-118.342369,46.070380,288
Whittier,781,"Whittier,  CA",-118.034424,33.975420,105
Whitworth,1454,"Spokane,  WA",-117.412279,47.657260,580
Wichita St.,782,"Wichita,  KS",-97.335579,37.686980,410
Widener,783,"Chester,  PA",-75.359439,39.848445,7
Wilkes,784,"Wilkes-Barre,  PA",-75.877334,41.242600,168
Willamette,785,"Salem,  OR",-123.043814,44.933260,57
William & Mary,786,"Williamsburg,  VA",-76.709724,37.275609,28
William Penn,788,"Oskaloosa,  IA",-92.645085,41.296855,256
William Smith,30073,"Geneva,  NY",-76.982094,42.866420,142
Williams,789,"Williamstown,  MA",-73.204459,42.710095,213
Wilmington (DE),1460,"New Castle,  DE",-75.563939,39.659770,9
Wilmington (OH),1461,"Wilmington,  OH",-83.828369,39.447111,312
Wilson,12973,"Chambersburg,  PA",-77.660754,39.937430,191
Wingate,1462,"Wingate,  NC",-80.449959,34.982540,173
Winona St.,790,"Winona,  MN",-91.638594,44.051295,203
Winston-Salem,791,"Winston-Salem,  NC",-80.241094,36.099625,279
Winthrop,792,"Rock Hill,  SC",-81.026679,34.924025,208
Wis. Lutheran,8911,"Milwaukee,  WI",-87.906844,43.041810,198
Wis.-Eau Claire,793,"Eau Claire,  WI",-91.501238,44.816512,254
Wis.-La Crosse,795,"La Crosse,  WI",-91.251919,43.812625,206
Wis.-Oshkosh,798,"Oshkosh,  WI",-88.544434,44.024910,236
Wis.-Parkside,799,"Kenosha,  WI",-87.823654,42.588075,182
Wis.-Platteville,800,"Platteville,  WI",-90.480134,42.734930,310
Wis.-River Falls,801,"River Falls,  WI",-92.628209,44.854180,272
Wis.-Stevens Point,802,"Stevens Point,  WI",-89.574789,44.523905,333
Wis.-Stout,803,"Menomonie,  WI",-91.929559,44.880500,250
Wis.-Superior,804,"Superior,  WI",-92.103949,46.721310,193
Wis.-Whitewater,805,"Whitewater,  WI",-88.738124,42.835000,257
Wisconsin,796,"Madison,  WI",-89.386694,43.072950,282
Wittenberg,806,"Springfield,  OH",-83.806734,39.925020,286
Wm. Paterson,787,"Wayne,  NJ",-74.227959,40.930853,69
Wofford,2915,"Spartanburg,  SC",-81.934869,34.948255,240
Wooster,807,"Wooster,  OH",-81.934379,40.805660,317
Worcester St.,809,"Worcester,  MA",-71.802189,42.263415,156
WPI,808,"Worcester,  MA",-71.802189,42.263415,156
Wright St.,810,"Dayton,  OH",-84.194439,39.759110,233
Wyoming,811,"Laramie,  WY",-105.590324,41.310808,2189
Xavier,812,"Cincinnati,  OH",-84.504552,39.106614,179
Yale,813,"New Haven,  CT",-72.924979,41.307130,19
Yeshiva,814,"New York,  NY",-74.007124,40.714550,45
York (NY),2730,"Jamaica,  NY",-73.808420,40.701782,22
York (PA),815,"York,  PA",-76.724289,39.964535,127
Youngstown St.,817,"Youngstown,  OH",-80.650789,41.098100,272
