year,coach,coach_url,school,school_url,school_id,conference,conference_url,conference_id,w,l,wlp,ap_pre,ap_post,ncaa_tournament,since,cs_w,cs_l,cs_wlp,cs_ncaa,cs_s16,cs_ff,co_w,co_l,co_wlp,co_ncaa,co_s16,co_ff
2015,Abilene Christian,http://www.sports-reference.com/cbb/schools/abilene-christian/2015.html,Southland,http://www.sports-reference.com/cbb/conferences/southland/2015.html,southland,10,,,21,.323,,,,2014,21,41,.339,,,,21,41,.339,,,
2015,Air Force,http://www.sports-reference.com/cbb/schools/air-force/2015.html,MWC,http://www.sports-reference.com/cbb/conferences/mwc/2015.html,mwc,14,,,17,.452,,,,2012,46,55,.455,,,,46,55,.455,,,
2015,Akron,http://www.sports-reference.com/cbb/schools/akron/2015.html,MAC,http://www.sports-reference.com/cbb/conferences/mac/2015.html,mac,21,,,14,.600,,,,2005,252,121,.676,3,,,272,155,.637,3,,
2015,Alabama A&M,http://www.sports-reference.com/cbb/schools/alabama-am/2015.html,SWAC,http://www.sports-reference.com/cbb/conferences/swac/2015.html,swac,9,,,20,.310,,,,2012,41,77,.347,,,,41,77,.347,,,
2015,Alabama-Birmingham,http://www.sports-reference.com/cbb/schools/alabama-birmingham/2015.html,CUSA,http://www.sports-reference.com/cbb/conferences/cusa/2015.html,cusa,20,,,16,.556,,,Lost Third Round,2013,54,46,.540,1,,,54,46,.540,1,,
2015,Alabama State,http://www.sports-reference.com/cbb/schools/alabama-state/2015.html,SWAC,http://www.sports-reference.com/cbb/conferences/swac/2015.html,swac,19,,,10,.655,,,,2006,157,156,.502,2,,,157,156,.502,2,,
2015,Alabama,http://www.sports-reference.com/cbb/schools/alabama/2015.html,SEC,http://www.sports-reference.com/cbb/conferences/sec/2015.html,sec,18,,,14,.562,,,,2010,117,85,.579,1,,,193,110,.637,3,,
2015,Alabama,http://www.sports-reference.com/cbb/schools/alabama/2015.html,SEC,http://www.sports-reference.com/cbb/conferences/sec/2015.html,sec,1,,,1,.500,,,,2015,1,1,.500,,,,1,1,.500,,,
2015,Albany (NY),http://www.sports-reference.com/cbb/schools/albany-ny/2015.html,AEC,http://www.sports-reference.com/cbb/conferences/america-east/2015.html,america-east,24,,,9,.727,,,Lost Second Round,2002,215,215,.500,5,,,215,215,.500,5,,
2015,Alcorn State,http://www.sports-reference.com/cbb/schools/alcorn-state/2015.html,SWAC,http://www.sports-reference.com/cbb/conferences/swac/2015.html,swac,6,,,26,.188,,,,2012,38,91,.295,,,,38,91,.295,,,
2015,American,http://www.sports-reference.com/cbb/schools/american/2015.html,Patriot,http://www.sports-reference.com/cbb/conferences/patriot/2015.html,patriot,17,,,16,.515,,,,2014,37,29,.561,1,,,37,29,.561,1,,
2015,Appalachian State,http://www.sports-reference.com/cbb/schools/appalachian-state/2015.html,Sun Belt,http://www.sports-reference.com/cbb/conferences/sun-belt/2015.html,sun-belt,12,,,17,.414,,,,2015,12,17,.414,,,,12,17,.414,,,
2015,Arizona State,http://www.sports-reference.com/cbb/schools/arizona-state/2015.html,Pac-12,http://www.sports-reference.com/cbb/conferences/pac-12/2015.html,pac-12,18,,,16,.529,,,,2007,159,137,.537,2,,,413,295,.583,8,1,
2015,Arizona,http://www.sports-reference.com/cbb/schools/arizona/2015.html,Pac-12,http://www.sports-reference.com/cbb/conferences/pac-12/2015.html,pac-12,34,,,4,.895,2,5,Lost Regional Final,2010,163,52,.758,4,4,,283,99,.741,8,6,
2015,Arkansas-Little Rock,http://www.sports-reference.com/cbb/schools/arkansas-little-rock/2015.html,Sun Belt,http://www.sports-reference.com/cbb/conferences/sun-belt/2015.html,sun-belt,13,,,18,.419,,,,2004,192,178,.519,1,,,192,178,.519,1,,
2015,Arkansas-Pine Bluff,http://www.sports-reference.com/cbb/schools/arkansas-pine-bluff/2015.html,SWAC,http://www.sports-reference.com/cbb/conferences/swac/2015.html,swac,12,,,20,.375,,,,2009,90,132,.405,1,,,90,132,.405,1,,
2015,Arkansas State,http://www.sports-reference.com/cbb/schools/arkansas-state/2015.html,Sun Belt,http://www.sports-reference.com/cbb/conferences/sun-belt/2015.html,sun-belt,11,,,18,.379,,,,2009,110,109,.502,,,,391,325,.546,4,2,1
2015,Arkansas,http://www.sports-reference.com/cbb/schools/arkansas/2015.html,SEC,http://www.sports-reference.com/cbb/conferences/sec/2015.html,sec,27,,,9,.750,,21,Lost Third Round,2012,86,48,.642,1,,,286,146,.662,7,2,
2015,Army,http://www.sports-reference.com/cbb/schools/army/2015.html,Patriot,http://www.sports-reference.com/cbb/conferences/patriot/2015.html,patriot,15,,,15,.500,,,,2010,83,98,.459,,,,83,98,.459,,,
2015,Auburn,http://www.sports-reference.com/cbb/schools/auburn/2015.html,SEC,http://www.sports-reference.com/cbb/conferences/sec/2015.html,sec,15,,,20,.429,,,,2015,15,20,.429,,,,246,119,.674,8,4,
2015,Austin Peay,http://www.sports-reference.com/cbb/schools/austin-peay/2015.html,OVC,http://www.sports-reference.com/cbb/conferences/ovc/2015.html,ovc,8,,,22,.267,,,,1991,391,373,.512,3,,,391,373,.512,3,,
2015,Ball State,http://www.sports-reference.com/cbb/schools/ball-state/2015.html,MAC,http://www.sports-reference.com/cbb/conferences/mac/2015.html,mac,7,,,23,.233,,,,2014,12,48,.200,,,,12,48,.200,,,
2015,Baylor,http://www.sports-reference.com/cbb/schools/baylor/2015.html,Big 12,http://www.sports-reference.com/cbb/conferences/big-12/2015.html,big-12,24,,,10,.706,,16,Lost Second Round,2004,230,160,.590,5,3,,250,171,.594,5,3,
2015,Belmont,http://www.sports-reference.com/cbb/schools/belmont/2015.html,OVC,http://www.sports-reference.com/cbb/conferences/ovc/2015.html,ovc,22,,,11,.667,,,Lost Second Round,2000,321,186,.633,7,,,321,186,.633,7,,
2015,Bethune-Cookman,http://www.sports-reference.com/cbb/schools/bethune-cookman/2015.html,MEAC,http://www.sports-reference.com/cbb/conferences/meac/2015.html,meac,11,,,21,.344,,,,2012,50,83,.376,,,,50,83,.376,,,
2015,Binghamton,http://www.sports-reference.com/cbb/schools/binghamton/2015.html,AEC,http://www.sports-reference.com/cbb/conferences/america-east/2015.html,america-east,6,,,26,.188,,,,2013,16,76,.174,,,,135,181,.427,,,
2015,Boise State,http://www.sports-reference.com/cbb/schools/boise-state/2015.html,MWC,http://www.sports-reference.com/cbb/conferences/mwc/2015.html,mwc,25,,,9,.735,,,Lost First Round,2011,102,63,.618,2,,,102,63,.618,2,,
2015,Boston College,http://www.sports-reference.com/cbb/schools/boston-college/2015.html,ACC,http://www.sports-reference.com/cbb/conferences/acc/2015.html,acc,13,,,19,.406,,,,2015,13,19,.406,,,,255,173,.596,2,,
2015,Boston University,http://www.sports-reference.com/cbb/schools/boston-university/2015.html,Patriot,http://www.sports-reference.com/cbb/conferences/patriot/2015.html,patriot,13,,,17,.433,,,,2012,70,57,.551,,,,156,165,.486,,,
2015,Bowling Green State,http://www.sports-reference.com/cbb/schools/bowling-green-state/2015.html,MAC,http://www.sports-reference.com/cbb/conferences/mac/2015.html,mac,21,,,12,.636,,,,2015,21,12,.636,,,,21,12,.636,,,
2015,Bradley,http://www.sports-reference.com/cbb/schools/bradley/2015.html,MVC,http://www.sports-reference.com/cbb/conferences/mvc/2015.html,mvc,9,,,24,.273,,,,2012,46,86,.348,,,,114,123,.481,,,
2015,Brigham Young,http://www.sports-reference.com/cbb/schools/brigham-young/2015.html,WCC,http://www.sports-reference.com/cbb/conferences/wcc/2015.html,wcc,25,,,10,.714,,,Lost First Round,2006,257,88,.745,8,1,,257,88,.745,8,1,
2015,Brown,http://www.sports-reference.com/cbb/schools/brown/2015.html,Ivy,http://www.sports-reference.com/cbb/conferences/ivy/2015.html,ivy,13,,,18,.419,,,,2013,41,47,.466,,,,41,47,.466,,,
2015,Bryant,http://www.sports-reference.com/cbb/schools/bryant/2015.html,NEC,http://www.sports-reference.com/cbb/conferences/northeast/2015.html,northeast,16,,,15,.516,,,,2009,73,140,.343,,,,193,235,.451,1,,
2015,Bucknell,http://www.sports-reference.com/cbb/schools/bucknell/2015.html,Patriot,http://www.sports-reference.com/cbb/conferences/patriot/2015.html,patriot,19,,,15,.559,,,,2009,134,94,.588,2,,,134,94,.588,2,,
2015,Buffalo,http://www.sports-reference.com/cbb/schools/buffalo/2015.html,MAC,http://www.sports-reference.com/cbb/conferences/mac/2015.html,mac,23,,,10,.697,,,Lost Second Round,2014,42,20,.677,1,,,42,20,.677,1,,
2015,Butler,http://www.sports-reference.com/cbb/schools/butler/2015.html,Big East,http://www.sports-reference.com/cbb/conferences/big-east/2015.html,big-east,23,,,11,.676,,24,Lost Third Round,2015,23,11,.676,1,,,67,65,.508,1,,
2015,Cal Poly,http://www.sports-reference.com/cbb/schools/cal-poly/2015.html,Big West,http://www.sports-reference.com/cbb/conferences/big-west/2015.html,big-west,13,,,16,.448,,,,2010,90,99,.476,1,,,90,99,.476,1,,
2015,Cal State Bakersfield,http://www.sports-reference.com/cbb/schools/cal-state-bakersfield/2015.html,WAC,http://www.sports-reference.com/cbb/conferences/wac/2015.html,wac,14,,,19,.424,,,,2012,57,69,.452,,,,243,258,.485,3,1,
2015,Cal State Fullerton,http://www.sports-reference.com/cbb/schools/cal-state-fullerton/2015.html,Big West,http://www.sports-reference.com/cbb/conferences/big-west/2015.html,big-west,9,,,22,.290,,,,2014,20,42,.323,,,,20,42,.323,,,
2015,Cal State Northridge,http://www.sports-reference.com/cbb/schools/cal-state-northridge/2015.html,Big West,http://www.sports-reference.com/cbb/conferences/big-west/2015.html,big-west,9,,,24,.273,,,,2014,26,42,.382,,,,67,65,.508,1,,
2015,UC-Davis,http://www.sports-reference.com/cbb/schools/california-davis/2015.html,Big West,http://www.sports-reference.com/cbb/conferences/big-west/2015.html,big-west,25,,,7,.781,,,,2012,53,72,.424,,,,207,212,.494,1,1,
2015,UC-Irvine,http://www.sports-reference.com/cbb/schools/california-irvine/2015.html,Big West,http://www.sports-reference.com/cbb/conferences/big-west/2015.html,big-west,21,,,13,.618,,,Lost Second Round,2011,90,80,.529,1,,,90,80,.529,1,,
2015,UC-Riverside,http://www.sports-reference.com/cbb/schools/california-riverside/2015.html,Big West,http://www.sports-reference.com/cbb/conferences/big-west/2015.html,big-west,14,,,17,.452,,,,2014,24,38,.387,,,,24,38,.387,,,
2015,UC-Santa Barbara,http://www.sports-reference.com/cbb/schools/california-santa-barbara/2015.html,Big West,http://www.sports-reference.com/cbb/conferences/big-west/2015.html,big-west,19,,,14,.576,,,,1999,288,224,.562,3,,,288,224,.562,3,,
2015,University of California,http://www.sports-reference.com/cbb/schools/california/2015.html,Pac-12,http://www.sports-reference.com/cbb/conferences/pac-12/2015.html,pac-12,18,,,15,.545,,,,2015,18,15,.545,,,,142,97,.594,1,1,
2015,Campbell,http://www.sports-reference.com/cbb/schools/campbell/2015.html,Big South,http://www.sports-reference.com/cbb/conferences/big-south/2015.html,big-south,10,,,22,.312,,,,2014,22,42,.344,,,,22,42,.344,,,
2015,Canisius,http://www.sports-reference.com/cbb/schools/canisius/2015.html,MAAC,http://www.sports-reference.com/cbb/conferences/maac/2015.html,maac,18,,,15,.545,,,,2013,59,42,.584,,,,448,411,.522,2,,
2015,Central Arkansas,http://www.sports-reference.com/cbb/schools/central-arkansas/2015.html,Southland,http://www.sports-reference.com/cbb/conferences/southland/2015.html,southland,2,,,27,.069,,,,2015,2,27,.069,,,,23,41,.359,1,1,
2015,Central Connecticut State,http://www.sports-reference.com/cbb/schools/central-connecticut-state/2015.html,NEC,http://www.sports-reference.com/cbb/conferences/northeast/2015.html,northeast,5,,,26,.161,,,,1997,278,286,.493,3,,,278,286,.493,3,,
2015,Central Florida,http://www.sports-reference.com/cbb/schools/central-florida/2015.html,AAC,http://www.sports-reference.com/cbb/conferences/aac/2015.html,aac,12,,,18,.400,,,,2011,88,70,.557,,,,143,111,.563,,,
2015,Central Michigan,http://www.sports-reference.com/cbb/schools/central-michigan/2015.html,MAC,http://www.sports-reference.com/cbb/conferences/mac/2015.html,mac,23,,,9,.719,,,,2013,44,50,.468,,,,118,105,.529,1,,
2015,Charleston Southern,http://www.sports-reference.com/cbb/schools/charleston-southern/2015.html,Big South,http://www.sports-reference.com/cbb/conferences/big-south/2015.html,big-south,19,,,12,.613,,,,2006,139,166,.456,,,,139,166,.456,,,
2015,Charlotte,http://www.sports-reference.com/cbb/schools/charlotte/2015.html,CUSA,http://www.sports-reference.com/cbb/conferences/cusa/2015.html,cusa,6,,,7,.462,,,,2011,67,70,.489,,,,67,70,.489,,,
2015,Charlotte,http://www.sports-reference.com/cbb/schools/charlotte/2015.html,CUSA,http://www.sports-reference.com/cbb/conferences/cusa/2015.html,cusa,8,,,11,.421,,,,2015,8,11,.421,,,,8,11,.421,,,
2015,Chattanooga,http://www.sports-reference.com/cbb/schools/chattanooga/2015.html,Southern,http://www.sports-reference.com/cbb/conferences/southern/2015.html,southern,22,,,10,.688,,,,2014,40,25,.615,,,,40,25,.615,,,
2015,Chicago State,http://www.sports-reference.com/cbb/schools/chicago-state/2015.html,WAC,http://www.sports-reference.com/cbb/conferences/wac/2015.html,wac,8,,,24,.250,,,,2011,42,117,.264,,,,42,117,.264,,,
2015,Cincinnati,http://www.sports-reference.com/cbb/schools/cincinnati/2015.html,AAC,http://www.sports-reference.com/cbb/conferences/aac/2015.html,aac,23,,,11,.676,,,Lost Third Round,2007,185,118,.611,5,1,,254,142,.641,7,1,
2015,Citadel,http://www.sports-reference.com/cbb/schools/citadel/2015.html,Southern,http://www.sports-reference.com/cbb/conferences/southern/2015.html,southern,11,,,19,.367,,,,2011,42,113,.271,,,,42,113,.271,,,
2015,Clemson,http://www.sports-reference.com/cbb/schools/clemson/2015.html,ACC,http://www.sports-reference.com/cbb/conferences/acc/2015.html,acc,16,,,15,.516,,,,2011,90,73,.552,1,,,257,158,.619,4,,
2015,Cleveland State,http://www.sports-reference.com/cbb/schools/cleveland-state/2015.html,Horizon,http://www.sports-reference.com/cbb/conferences/horizon/2015.html,horizon,19,,,15,.559,,,,2007,176,127,.581,1,,,347,262,.570,3,,
2015,Coastal Carolina,http://www.sports-reference.com/cbb/schools/coastal-carolina/2015.html,Big South,http://www.sports-reference.com/cbb/conferences/big-south/2015.html,big-south,24,,,10,.706,,,Lost Second Round,2008,158,98,.617,2,,,694,436,.614,10,3,
2015,Colgate,http://www.sports-reference.com/cbb/schools/colgate/2015.html,Patriot,http://www.sports-reference.com/cbb/conferences/patriot/2015.html,patriot,16,,,17,.485,,,,2012,48,78,.381,,,,48,78,.381,,,
2015,College of Charleston,http://www.sports-reference.com/cbb/schools/college-of-charleston/2015.html,CAA,http://www.sports-reference.com/cbb/conferences/colonial/2015.html,colonial,9,,,24,.273,,,,2015,9,24,.273,,,,9,24,.273,,,
2015,Colorado State,http://www.sports-reference.com/cbb/schools/colorado-state/2015.html,MWC,http://www.sports-reference.com/cbb/conferences/mwc/2015.html,mwc,27,,,7,.794,,,,2013,69,32,.683,1,,,471,290,.619,5,1,
2015,Colorado,http://www.sports-reference.com/cbb/schools/colorado/2015.html,Pac-12,http://www.sports-reference.com/cbb/conferences/pac-12/2015.html,pac-12,16,,,18,.471,,,,2011,108,68,.614,3,,,164,134,.550,3,,
2015,Columbia,http://www.sports-reference.com/cbb/schools/columbia/2015.html,Ivy,http://www.sports-reference.com/cbb/conferences/ivy/2015.html,ivy,13,,,15,.464,,,,2011,76,72,.514,,,,76,72,.514,,,
2015,Connecticut,http://www.sports-reference.com/cbb/schools/connecticut/2015.html,AAC,http://www.sports-reference.com/cbb/conferences/aac/2015.html,aac,20,,,15,.571,17,,,2013,72,33,.686,1,1,1,72,33,.686,1,1,1
2015,Coppin State,http://www.sports-reference.com/cbb/schools/coppin-state/2015.html,MEAC,http://www.sports-reference.com/cbb/conferences/meac/2015.html,meac,8,,,23,.258,,,,2015,8,23,.258,,,,34,54,.386,,,
2015,Cornell,http://www.sports-reference.com/cbb/schools/cornell/2015.html,Ivy,http://www.sports-reference.com/cbb/conferences/ivy/2015.html,ivy,13,,,17,.433,,,,2011,50,95,.345,,,,50,95,.345,,,
2015,Creighton,http://www.sports-reference.com/cbb/schools/creighton/2015.html,Big East,http://www.sports-reference.com/cbb/conferences/big-east/2015.html,big-east,14,,,19,.424,,,,2011,121,57,.680,3,,,270,188,.590,6,,
2015,Dartmouth,http://www.sports-reference.com/cbb/schools/dartmouth/2015.html,Ivy,http://www.sports-reference.com/cbb/conferences/ivy/2015.html,ivy,14,,,15,.483,,,,1985,132,193,.406,,,,218,304,.418,1,,
2015,Davidson,http://www.sports-reference.com/cbb/schools/davidson/2015.html,A-10,http://www.sports-reference.com/cbb/conferences/atlantic-10/2015.html,atlantic-10,24,,,8,.750,,,Lost Second Round,1990,496,300,.623,8,1,,496,300,.623,8,1,
2015,Dayton,http://www.sports-reference.com/cbb/schools/dayton/2015.html,A-10,http://www.sports-reference.com/cbb/conferences/atlantic-10/2015.html,atlantic-10,27,,,9,.750,,,Lost Third Round,2012,90,47,.657,2,1,,90,47,.657,2,1,
2015,Delaware State,http://www.sports-reference.com/cbb/schools/delaware-state/2015.html,MEAC,http://www.sports-reference.com/cbb/conferences/meac/2015.html,meac,18,,,18,.500,,,,2014,23,24,.489,,,,23,24,.489,,,
2015,Delaware,http://www.sports-reference.com/cbb/schools/delaware/2015.html,CAA,http://www.sports-reference.com/cbb/conferences/colonial/2015.html,colonial,10,,,20,.333,,,,2007,125,161,.437,1,,,125,161,.437,1,,
2015,Denver,http://www.sports-reference.com/cbb/schools/denver/2015.html,Summit,http://www.sports-reference.com/cbb/conferences/summit/2015.html,summit,12,,,18,.400,,,,2008,130,117,.526,,,,219,225,.493,1,,
2015,DePaul,http://www.sports-reference.com/cbb/schools/depaul/2015.html,Big East,http://www.sports-reference.com/cbb/conferences/big-east/2015.html,big-east,12,,,20,.375,,,,2011,54,105,.340,,,,448,384,.538,6,,
2015,Detroit Mercy,http://www.sports-reference.com/cbb/schools/detroit-mercy/2015.html,Horizon,http://www.sports-reference.com/cbb/conferences/horizon/2015.html,horizon,15,,,18,.455,,,,2009,114,117,.494,1,,,284,266,.516,3,,
2015,Drake,http://www.sports-reference.com/cbb/schools/drake/2015.html,MVC,http://www.sports-reference.com/cbb/conferences/mvc/2015.html,mvc,9,,,22,.290,,,,2014,24,38,.387,,,,147,128,.535,2,1,
2015,Drexel,http://www.sports-reference.com/cbb/schools/drexel/2015.html,CAA,http://www.sports-reference.com/cbb/conferences/colonial/2015.html,colonial,11,,,19,.367,,,,2002,239,192,.555,,,,325,264,.552,2,,
2015,Duke,http://www.sports-reference.com/cbb/schools/duke/2015.html,ACC,http://www.sports-reference.com/cbb/conferences/acc/2015.html,acc,35,,,4,.897,4,4,Won National Final,1981,945,251,.790,31,22,12,1018,310,.767,31,22,12
2015,Duquesne,http://www.sports-reference.com/cbb/schools/duquesne/2015.html,A-10,http://www.sports-reference.com/cbb/conferences/atlantic-10/2015.html,atlantic-10,12,,,19,.387,,,,2013,33,58,.363,,,,183,207,.469,2,,
2015,East Carolina,http://www.sports-reference.com/cbb/schools/east-carolina/2015.html,AAC,http://www.sports-reference.com/cbb/conferences/aac/2015.html,aac,14,,,19,.424,,,,2011,87,80,.521,,,,298,236,.558,,,
2015,East Tennessee State,http://www.sports-reference.com/cbb/schools/east-tennessee-state/2015.html,Southern,http://www.sports-reference.com/cbb/conferences/southern/2015.html,southern,16,,,14,.533,,,,2004,224,165,.576,3,,,327,248,.569,4,,
2015,Eastern Illinois,http://www.sports-reference.com/cbb/schools/eastern-illinois/2015.html,OVC,http://www.sports-reference.com/cbb/conferences/ovc/2015.html,ovc,18,,,15,.545,,,,2013,40,55,.421,,,,46,59,.438,,,
2015,Eastern Kentucky,http://www.sports-reference.com/cbb/schools/eastern-kentucky/2015.html,OVC,http://www.sports-reference.com/cbb/conferences/ovc/2015.html,ovc,21,,,12,.636,,,,2006,188,134,.584,2,,,188,134,.584,2,,
2015,Eastern Michigan,http://www.sports-reference.com/cbb/schools/eastern-michigan/2015.html,MAC,http://www.sports-reference.com/cbb/conferences/mac/2015.html,mac,21,,,14,.600,,,,2012,73,65,.529,,,,73,65,.529,,,
2015,Eastern Washington,http://www.sports-reference.com/cbb/schools/eastern-washington/2015.html,Big Sky,http://www.sports-reference.com/cbb/conferences/big-sky/2015.html,big-sky,26,,,9,.743,,,Lost Second Round,2012,66,63,.512,1,,,66,63,.512,1,,
2015,Elon,http://www.sports-reference.com/cbb/schools/elon/2015.html,CAA,http://www.sports-reference.com/cbb/conferences/colonial/2015.html,colonial,15,,,18,.455,,,,2010,92,100,.479,,,,92,100,.479,,,
2015,Evansville,http://www.sports-reference.com/cbb/schools/evansville/2015.html,MVC,http://www.sports-reference.com/cbb/conferences/mvc/2015.html,mvc,24,,,12,.667,,,,2008,126,134,.485,,,,126,134,.485,,,
2015,Fairfield,http://www.sports-reference.com/cbb/schools/fairfield/2015.html,MAAC,http://www.sports-reference.com/cbb/conferences/maac/2015.html,maac,7,,,24,.226,,,,2012,55,80,.407,,,,121,133,.476,1,,
2015,Fairleigh Dickinson,http://www.sports-reference.com/cbb/schools/fairleigh-dickinson/2015.html,NEC,http://www.sports-reference.com/cbb/conferences/northeast/2015.html,northeast,8,,,21,.276,,,,2014,18,42,.300,,,,18,42,.300,,,
2015,Florida A&M,http://www.sports-reference.com/cbb/schools/florida-am/2015.html,MEAC,http://www.sports-reference.com/cbb/conferences/meac/2015.html,meac,2,,,27,.069,,,,2015,2,27,.069,,,,77,150,.339,,,
2015,Florida Atlantic,http://www.sports-reference.com/cbb/schools/florida-atlantic/2015.html,CUSA,http://www.sports-reference.com/cbb/conferences/cusa/2015.html,cusa,9,,,20,.310,,,,2015,9,20,.310,,,,9,20,.310,,,
2015,Florida Gulf Coast,http://www.sports-reference.com/cbb/schools/florida-gulf-coast/2015.html,A-Sun,http://www.sports-reference.com/cbb/conferences/atlantic-sun/2015.html,atlantic-sun,22,,,11,.667,,,,2014,44,24,.647,,,,101,76,.571,,,
2015,Florida International,http://www.sports-reference.com/cbb/schools/florida-international/2015.html,CUSA,http://www.sports-reference.com/cbb/conferences/cusa/2015.html,cusa,16,,,17,.485,,,,2014,31,33,.484,,,,130,127,.506,1,,
2015,Florida State,http://www.sports-reference.com/cbb/schools/florida-state/2015.html,ACC,http://www.sports-reference.com/cbb/conferences/acc/2015.html,acc,17,,,16,.515,,,,2003,258,173,.599,4,1,,458,383,.545,7,2,
2015,Florida,http://www.sports-reference.com/cbb/schools/florida/2015.html,SEC,http://www.sports-reference.com/cbb/conferences/sec/2015.html,sec,16,,,17,.485,7,,,1997,467,186,.715,14,8,4,502,206,.709,14,8,4
2015,Fordham,http://www.sports-reference.com/cbb/schools/fordham/2015.html,A-10,http://www.sports-reference.com/cbb/conferences/atlantic-10/2015.html,atlantic-10,10,,,21,.323,,,,2011,44,106,.293,,,,199,232,.462,,,
2015,Fresno State,http://www.sports-reference.com/cbb/schools/fresno-state/2015.html,MWC,http://www.sports-reference.com/cbb/conferences/mwc/2015.html,mwc,15,,,17,.469,,,,2012,60,74,.448,,,,60,74,.448,,,
2015,Furman,http://www.sports-reference.com/cbb/schools/furman/2015.html,Southern,http://www.sports-reference.com/cbb/conferences/southern/2015.html,southern,11,,,22,.333,,,,2014,20,43,.317,,,,20,43,.317,,,
2015,Gardner-Webb,http://www.sports-reference.com/cbb/schools/gardner-webb/2015.html,Big South,http://www.sports-reference.com/cbb/conferences/big-south/2015.html,big-south,20,,,15,.571,,,,2014,38,30,.559,,,,38,30,.559,,,
2015,George Mason,http://www.sports-reference.com/cbb/schools/george-mason/2015.html,A-10,http://www.sports-reference.com/cbb/conferences/atlantic-10/2015.html,atlantic-10,9,,,22,.290,,,,2012,66,67,.496,,,,322,256,.557,6,1,1
2015,George Washington,http://www.sports-reference.com/cbb/schools/george-washington/2015.html,A-10,http://www.sports-reference.com/cbb/conferences/atlantic-10/2015.html,atlantic-10,22,,,13,.629,,,,2012,69,60,.535,1,,,195,128,.604,2,,
2015,Georgetown,http://www.sports-reference.com/cbb/schools/georgetown/2015.html,Big East,http://www.sports-reference.com/cbb/conferences/big-east/2015.html,big-east,22,,,11,.667,,22,Lost Third Round,2005,249,115,.684,8,2,1,317,157,.669,10,2,1
2015,Georgia Southern,http://www.sports-reference.com/cbb/schools/georgia-southern/2015.html,Sun Belt,http://www.sports-reference.com/cbb/conferences/sun-belt/2015.html,sun-belt,22,,,9,.710,,,,2014,37,28,.569,,,,37,28,.569,,,
2015,Georgia State,http://www.sports-reference.com/cbb/schools/georgia-state/2015.html,Sun Belt,http://www.sports-reference.com/cbb/conferences/sun-belt/2015.html,sun-belt,25,,,10,.714,,,Lost Third Round,2012,87,47,.649,1,,,308,226,.577,2,,
2015,Georgia Tech,http://www.sports-reference.com/cbb/schools/georgia-tech/2015.html,ACC,http://www.sports-reference.com/cbb/conferences/acc/2015.html,acc,12,,,19,.387,,,,2012,55,71,.437,,,,227,165,.579,2,,
2015,Georgia,http://www.sports-reference.com/cbb/schools/georgia/2015.html,SEC,http://www.sports-reference.com/cbb/conferences/sec/2015.html,sec,21,,,12,.636,,,Lost Second Round,2010,106,89,.544,2,,,229,132,.634,5,,
2015,Gonzaga,http://www.sports-reference.com/cbb/schools/gonzaga/2015.html,WCC,http://www.sports-reference.com/cbb/conferences/wcc/2015.html,wcc,35,,,3,.921,13,7,Lost Regional Final,2000,438,103,.810,16,5,,438,103,.810,16,5,
2015,Grambling,http://www.sports-reference.com/cbb/schools/grambling/2015.html,SWAC,http://www.sports-reference.com/cbb/conferences/swac/2015.html,swac,2,,,27,.069,,,,2015,2,27,.069,,,,2,27,.069,,,
2015,Grand Canyon,http://www.sports-reference.com/cbb/schools/grand-canyon/2015.html,WAC,http://www.sports-reference.com/cbb/conferences/wac/2015.html,wac,17,,,15,.531,,,,2014,32,30,.516,,,,32,30,.516,,,
2015,Green Bay,http://www.sports-reference.com/cbb/schools/green-bay/2015.html,Horizon,http://www.sports-reference.com/cbb/conferences/horizon/2015.html,horizon,24,,,9,.727,,,,2011,95,65,.594,,,,95,65,.594,,,
2015,Hampton,http://www.sports-reference.com/cbb/schools/hampton/2015.html,MEAC,http://www.sports-reference.com/cbb/conferences/meac/2015.html,meac,17,,,18,.486,,,Lost Second Round,2010,99,96,.508,2,,,99,96,.508,2,,
2015,Hartford,http://www.sports-reference.com/cbb/schools/hartford/2015.html,AEC,http://www.sports-reference.com/cbb/conferences/america-east/2015.html,america-east,14,,,16,.467,,,,2011,68,88,.436,,,,68,88,.436,,,
2015,Harvard,http://www.sports-reference.com/cbb/schools/harvard/2015.html,Ivy,http://www.sports-reference.com/cbb/conferences/ivy/2015.html,ivy,22,,,8,.733,25,,Lost Second Round,2008,161,79,.671,4,,,337,218,.607,5,1,
2015,Hawaii,http://www.sports-reference.com/cbb/schools/hawaii/2015.html,Big West,http://www.sports-reference.com/cbb/conferences/big-west/2015.html,big-west,22,,,13,.629,,,,2015,22,13,.629,,,,61,66,.480,,,
2015,High Point,http://www.sports-reference.com/cbb/schools/high-point/2015.html,Big South,http://www.sports-reference.com/cbb/conferences/big-south/2015.html,big-south,23,,,10,.697,,,,2010,96,91,.513,,,,96,91,.513,,,
2015,Hofstra,http://www.sports-reference.com/cbb/schools/hofstra/2015.html,CAA,http://www.sports-reference.com/cbb/conferences/colonial/2015.html,colonial,20,,,14,.588,,,,2014,30,37,.448,,,,295,240,.551,2,,
2015,Holy Cross,http://www.sports-reference.com/cbb/schools/holy-cross/2015.html,Patriot,http://www.sports-reference.com/cbb/conferences/patriot/2015.html,patriot,14,,,16,.467,,,,2011,69,83,.454,,,,164,203,.447,1,,
2015,Houston Baptist,http://www.sports-reference.com/cbb/schools/houston-baptist/2015.html,Southland,http://www.sports-reference.com/cbb/conferences/southland/2015.html,southland,12,,,16,.429,,,,2009,64,150,.299,,,,64,150,.299,,,
2015,Houston,http://www.sports-reference.com/cbb/schools/houston/2015.html,AAC,http://www.sports-reference.com/cbb/conferences/aac/2015.html,aac,13,,,19,.406,,,,2015,13,19,.406,,,,438,246,.640,14,3,1
2015,Howard,http://www.sports-reference.com/cbb/schools/howard/2015.html,MEAC,http://www.sports-reference.com/cbb/conferences/meac/2015.html,meac,16,,,16,.500,,,,2011,47,110,.299,,,,96,154,.384,,,
2015,Idaho State,http://www.sports-reference.com/cbb/schools/idaho-state/2015.html,Big Sky,http://www.sports-reference.com/cbb/conferences/big-sky/2015.html,big-sky,7,,,23,.233,,,,2013,24,65,.270,,,,232,288,.446,1,,
2015,Idaho,http://www.sports-reference.com/cbb/schools/idaho/2015.html,Big Sky,http://www.sports-reference.com/cbb/conferences/big-sky/2015.html,big-sky,13,,,17,.433,,,,2009,110,113,.493,,,,110,113,.493,,,
2015,Illinois-Chicago,http://www.sports-reference.com/cbb/schools/illinois-chicago/2015.html,Horizon,http://www.sports-reference.com/cbb/conferences/horizon/2015.html,horizon,10,,,24,.294,,,,2011,49,111,.306,,,,49,111,.306,,,
2015,Illinois State,http://www.sports-reference.com/cbb/schools/illinois-state/2015.html,MVC,http://www.sports-reference.com/cbb/conferences/mvc/2015.html,mvc,22,,,13,.629,,,,2013,58,44,.569,,,,58,44,.569,,,
2015,Illinois,http://www.sports-reference.com/cbb/schools/illinois/2015.html,Big Ten,http://www.sports-reference.com/cbb/conferences/big-ten/2015.html,big-ten,19,,,14,.576,,,,2013,62,42,.596,1,,,147,98,.600,3,1,
2015,Incarnate Word,http://www.sports-reference.com/cbb/schools/incarnate-word/2015.html,Southland,http://www.sports-reference.com/cbb/conferences/southland/2015.html,southland,18,,,11,.621,,,,2014,39,17,.696,,,,151,132,.534,1,,
2015,Indiana State,http://www.sports-reference.com/cbb/schools/indiana-state/2015.html,MVC,http://www.sports-reference.com/cbb/conferences/mvc/2015.html,mvc,15,,,16,.484,,,,2011,94,71,.570,1,,,94,71,.570,1,,
2015,Indiana,http://www.sports-reference.com/cbb/schools/indiana/2015.html,Big Ten,http://www.sports-reference.com/cbb/conferences/big-ten/2015.html,big-ten,20,,,14,.588,,,Lost Second Round,2009,121,111,.522,3,2,,311,207,.600,8,3,1
2015,Iona,http://www.sports-reference.com/cbb/schools/iona/2015.html,MAAC,http://www.sports-reference.com/cbb/conferences/maac/2015.html,maac,26,,,9,.743,,,,2011,118,54,.686,2,,,118,54,.686,2,,
2015,Iowa State,http://www.sports-reference.com/cbb/schools/iowa-state/2015.html,Big 12,http://www.sports-reference.com/cbb/conferences/big-12/2015.html,big-12,25,,,9,.735,14,9,Lost Second Round,2011,115,56,.673,4,1,,115,56,.673,4,1,
2015,Iowa,http://www.sports-reference.com/cbb/schools/iowa/2015.html,Big Ten,http://www.sports-reference.com/cbb/conferences/big-ten/2015.html,big-ten,22,,,12,.647,,,Lost Third Round,2011,96,75,.561,2,,,347,252,.579,7,,
2015,IPFW,http://www.sports-reference.com/cbb/schools/ipfw/2015.html,Summit,http://www.sports-reference.com/cbb/conferences/summit/2015.html,summit,16,,,15,.516,,,,2015,16,15,.516,,,,16,15,.516,,,
2015,IUPUI,http://www.sports-reference.com/cbb/schools/iupui/2015.html,Summit,http://www.sports-reference.com/cbb/conferences/summit/2015.html,summit,10,,,21,.323,,,,2015,10,21,.323,,,,10,21,.323,,,
2015,Jackson State,http://www.sports-reference.com/cbb/schools/jackson-state/2015.html,SWAC,http://www.sports-reference.com/cbb/conferences/swac/2015.html,swac,11,,,21,.344,,,,2014,22,41,.349,,,,22,41,.349,,,
2015,Jacksonville State,http://www.sports-reference.com/cbb/schools/jacksonville-state/2015.html,OVC,http://www.sports-reference.com/cbb/conferences/ovc/2015.html,ovc,12,,,19,.387,,,,2009,81,130,.384,,,,248,292,.459,1,,
2015,Jacksonville,http://www.sports-reference.com/cbb/schools/jacksonville/2015.html,A-Sun,http://www.sports-reference.com/cbb/conferences/atlantic-sun/2015.html,atlantic-sun,10,,,22,.312,,,,2015,10,22,.312,,,,62,69,.473,,,
2015,James Madison,http://www.sports-reference.com/cbb/schools/james-madison/2015.html,CAA,http://www.sports-reference.com/cbb/conferences/colonial/2015.html,colonial,19,,,14,.576,,,,2009,118,116,.504,1,,,191,166,.535,1,,
2015,Kansas State,http://www.sports-reference.com/cbb/schools/kansas-state/2015.html,Big 12,http://www.sports-reference.com/cbb/conferences/big-12/2015.html,big-12,15,,,17,.469,,,,2013,62,38,.620,2,,,375,193,.660,10,3,1
2015,Kansas,http://www.sports-reference.com/cbb/schools/kansas/2015.html,Big 12,http://www.sports-reference.com/cbb/conferences/big-12/2015.html,big-12,27,,,9,.750,5,10,Lost Third Round,2004,352,78,.819,12,7,2,559,183,.753,17,10,2
2015,Kennesaw State,http://www.sports-reference.com/cbb/schools/kennesaw-state/2015.html,A-Sun,http://www.sports-reference.com/cbb/conferences/atlantic-sun/2015.html,atlantic-sun,10,,,22,.312,,,,2015,10,22,.312,,,,10,22,.312,,,
2015,Kent State,http://www.sports-reference.com/cbb/schools/kent-state/2015.html,MAC,http://www.sports-reference.com/cbb/conferences/mac/2015.html,mac,23,,,12,.657,,,,2012,81,54,.600,,,,81,54,.600,,,
2015,Kentucky,http://www.sports-reference.com/cbb/schools/kentucky/2015.html,SEC,http://www.sports-reference.com/cbb/conferences/sec/2015.html,sec,38,,,1,.974,1,1,Lost National Semifinal,2010,190,38,.833,5,5,4,635,178,.781,16,12,6
2015,La Salle,http://www.sports-reference.com/cbb/schools/la-salle/2015.html,A-10,http://www.sports-reference.com/cbb/conferences/atlantic-10/2015.html,atlantic-10,17,,,16,.515,,,,2005,175,170,.507,1,1,,300,281,.516,1,1,
2015,Lafayette,http://www.sports-reference.com/cbb/schools/lafayette/2015.html,Patriot,http://www.sports-reference.com/cbb/conferences/patriot/2015.html,patriot,20,,,13,.606,,,Lost Second Round,1996,288,309,.482,3,,,288,309,.482,3,,
2015,Lamar,http://www.sports-reference.com/cbb/schools/lamar/2015.html,Southland,http://www.sports-reference.com/cbb/conferences/southland/2015.html,southland,15,,,15,.500,,,,2014,16,19,.457,,,,183,141,.565,2,,
2015,Lehigh,http://www.sports-reference.com/cbb/schools/lehigh/2015.html,Patriot,http://www.sports-reference.com/cbb/conferences/patriot/2015.html,patriot,16,,,14,.533,,,,2008,145,105,.580,2,,,145,105,.580,2,,
2015,Liberty,http://www.sports-reference.com/cbb/schools/liberty/2015.html,Big South,http://www.sports-reference.com/cbb/conferences/big-south/2015.html,big-south,8,,,24,.250,,,,2010,82,113,.421,1,,,185,219,.458,2,,
2015,Lipscomb,http://www.sports-reference.com/cbb/schools/lipscomb/2015.html,A-Sun,http://www.sports-reference.com/cbb/conferences/atlantic-sun/2015.html,atlantic-sun,14,,,17,.452,,,,2014,29,32,.475,,,,53,68,.438,,,
2015,Long Beach State,http://www.sports-reference.com/cbb/schools/long-beach-state/2015.html,Big West,http://www.sports-reference.com/cbb/conferences/big-west/2015.html,big-west,16,,,17,.485,,,,2008,135,125,.519,1,,,305,248,.552,3,1,
2015,Long Island University,http://www.sports-reference.com/cbb/schools/long-island-university/2015.html,NEC,http://www.sports-reference.com/cbb/conferences/northeast/2015.html,northeast,12,,,18,.400,,,,2013,41,52,.441,1,,,41,52,.441,1,,
2015,Longwood,http://www.sports-reference.com/cbb/schools/longwood/2015.html,Big South,http://www.sports-reference.com/cbb/conferences/big-south/2015.html,big-south,11,,,23,.324,,,,2014,19,47,.288,,,,19,47,.288,,,
2015,Louisiana-Lafayette,http://www.sports-reference.com/cbb/schools/louisiana-lafayette/2015.html,Sun Belt,http://www.sports-reference.com/cbb/conferences/sun-belt/2015.html,sun-belt,22,,,14,.611,,,,2011,88,77,.533,1,,,313,208,.601,3,,
2015,Louisiana-Monroe,http://www.sports-reference.com/cbb/schools/louisiana-monroe/2015.html,Sun Belt,http://www.sports-reference.com/cbb/conferences/sun-belt/2015.html,sun-belt,24,,,14,.632,,,,2011,48,104,.316,,,,198,221,.473,,,
2015,Louisiana State,http://www.sports-reference.com/cbb/schools/louisiana-state/2015.html,SEC,http://www.sports-reference.com/cbb/conferences/sec/2015.html,sec,22,,,11,.667,,,Lost Second Round,2013,61,37,.622,1,,,266,199,.572,3,,
2015,Louisiana Tech,http://www.sports-reference.com/cbb/schools/louisiana-tech/2015.html,CUSA,http://www.sports-reference.com/cbb/conferences/cusa/2015.html,cusa,27,,,9,.750,,,,2012,101,40,.716,,,,101,40,.716,,,
2015,Louisville,http://www.sports-reference.com/cbb/schools/louisville/2015.html,ACC,http://www.sports-reference.com/cbb/conferences/acc/2015.html,acc,27,,,9,.750,8,17,Lost Regional Final,2002,368,126,.745,12,7,3,722,254,.740,20,13,7
2015,Loyola (IL),http://www.sports-reference.com/cbb/schools/loyola-il/2015.html,MVC,http://www.sports-reference.com/cbb/conferences/mvc/2015.html,mvc,24,,,13,.649,,,,2012,56,74,.431,,,,161,175,.479,,,
2015,Loyola Marymount,http://www.sports-reference.com/cbb/schools/loyola-marymount/2015.html,WCC,http://www.sports-reference.com/cbb/conferences/wcc/2015.html,wcc,8,,,23,.258,,,,2015,8,23,.258,,,,8,23,.258,,,
2015,Loyola (MD),http://www.sports-reference.com/cbb/schools/loyola-md/2015.html,Patriot,http://www.sports-reference.com/cbb/conferences/patriot/2015.html,patriot,11,,,19,.367,,,,2014,22,38,.367,,,,22,38,.367,,,
2015,Maine,http://www.sports-reference.com/cbb/schools/maine/2015.html,AEC,http://www.sports-reference.com/cbb/conferences/america-east/2015.html,america-east,3,,,27,.100,,,,2015,3,27,.100,,,,3,27,.100,,,
2015,Manhattan,http://www.sports-reference.com/cbb/schools/manhattan/2015.html,MAAC,http://www.sports-reference.com/cbb/conferences/maac/2015.html,maac,19,,,14,.576,,,Lost First Round,2012,79,53,.598,2,,,79,53,.598,2,,
2015,Marist,http://www.sports-reference.com/cbb/schools/marist/2015.html,MAAC,http://www.sports-reference.com/cbb/conferences/maac/2015.html,maac,7,,,25,.219,,,,2015,7,25,.219,,,,7,25,.219,,,
2015,Marquette,http://www.sports-reference.com/cbb/schools/marquette/2015.html,Big East,http://www.sports-reference.com/cbb/conferences/big-east/2015.html,big-east,13,,,19,.406,,,,2015,13,19,.406,,,,13,19,.406,,,
2015,Marshall,http://www.sports-reference.com/cbb/schools/marshall/2015.html,CUSA,http://www.sports-reference.com/cbb/conferences/cusa/2015.html,cusa,11,,,21,.344,,,,2015,11,21,.344,,,,11,21,.344,,,
2015,Maryland-Baltimore County,http://www.sports-reference.com/cbb/schools/maryland-baltimore-county/2015.html,AEC,http://www.sports-reference.com/cbb/conferences/america-east/2015.html,america-east,4,,,26,.133,,,,2013,21,70,.231,,,,21,70,.231,,,
2015,Maryland-Eastern Shore,http://www.sports-reference.com/cbb/schools/maryland-eastern-shore/2015.html,MEAC,http://www.sports-reference.com/cbb/conferences/meac/2015.html,meac,18,,,15,.545,,,,2015,18,15,.545,,,,120,153,.440,1,,
2015,Maryland,http://www.sports-reference.com/cbb/schools/maryland/2015.html,Big Ten,http://www.sports-reference.com/cbb/conferences/big-ten/2015.html,big-ten,28,,,7,.800,,12,Lost Third Round,2012,87,50,.635,1,,,337,209,.617,6,1,
2015,Massachusetts-Lowell,http://www.sports-reference.com/cbb/schools/massachusetts-lowell/2015.html,AEC,http://www.sports-reference.com/cbb/conferences/america-east/2015.html,america-east,12,,,17,.414,,,,2014,22,35,.386,,,,22,35,.386,,,
2015,Massachusetts,http://www.sports-reference.com/cbb/schools/massachusetts/2015.html,A-10,http://www.sports-reference.com/cbb/conferences/atlantic-10/2015.html,atlantic-10,17,,,15,.531,,,,2009,126,101,.555,1,,,126,101,.555,1,,
2015,McNeese State,http://www.sports-reference.com/cbb/schools/mcneese-state/2015.html,Southland,http://www.sports-reference.com/cbb/conferences/southland/2015.html,southland,15,,,16,.484,,,,2007,127,152,.455,,,,127,152,.455,,,
2015,Memphis,http://www.sports-reference.com/cbb/schools/memphis/2015.html,AAC,http://www.sports-reference.com/cbb/conferences/aac/2015.html,aac,18,,,14,.562,,,,2010,148,58,.718,4,,,148,58,.718,4,,
2015,Mercer,http://www.sports-reference.com/cbb/schools/mercer/2015.html,Southern,http://www.sports-reference.com/cbb/conferences/southern/2015.html,southern,19,,,16,.543,,,,2009,145,98,.597,1,,,213,175,.549,1,,
2015,Miami (FL),http://www.sports-reference.com/cbb/schools/miami-fl/2015.html,ACC,http://www.sports-reference.com/cbb/conferences/acc/2015.html,acc,25,,,13,.658,,,,2012,91,49,.650,1,1,,533,358,.598,6,2,1
2015,Miami (OH),http://www.sports-reference.com/cbb/schools/miami-oh/2015.html,MAC,http://www.sports-reference.com/cbb/conferences/mac/2015.html,mac,13,,,19,.406,,,,2013,35,59,.372,,,,78,111,.413,,,
2015,Michigan State,http://www.sports-reference.com/cbb/schools/michigan-state/2015.html,Big Ten,http://www.sports-reference.com/cbb/conferences/big-ten/2015.html,big-ten,27,,,12,.692,18,23,Lost National Semifinal,1996,495,199,.713,18,13,7,495,199,.713,18,13,7
2015,Michigan,http://www.sports-reference.com/cbb/schools/michigan/2015.html,Big Ten,http://www.sports-reference.com/cbb/conferences/big-ten/2015.html,big-ten,16,,,16,.500,24,,,2008,166,110,.601,5,2,1,459,285,.617,9,4,1
2015,Middle Tennessee,http://www.sports-reference.com/cbb/schools/middle-tennessee/2015.html,CUSA,http://www.sports-reference.com/cbb/conferences/cusa/2015.html,cusa,19,,,17,.528,,,,2003,251,165,.603,1,,,322,215,.600,3,,
2015,Milwaukee,http://www.sports-reference.com/cbb/schools/milwaukee/2015.html,Horizon,http://www.sports-reference.com/cbb/conferences/horizon/2015.html,horizon,14,,,16,.467,,,,2006,164,157,.511,2,,,164,157,.511,2,,
2015,Minnesota,http://www.sports-reference.com/cbb/schools/minnesota/2015.html,Big Ten,http://www.sports-reference.com/cbb/conferences/big-ten/2015.html,big-ten,18,,,15,.545,,,,2014,43,28,.606,,,,61,42,.592,,,
2015,Mississippi State,http://www.sports-reference.com/cbb/schools/mississippi-state/2015.html,SEC,http://www.sports-reference.com/cbb/conferences/sec/2015.html,sec,13,,,19,.406,,,,2013,37,60,.381,,,,37,60,.381,,,
2015,Mississippi Valley State,http://www.sports-reference.com/cbb/schools/mississippi-valley-state/2015.html,SWAC,http://www.sports-reference.com/cbb/conferences/swac/2015.html,swac,6,,,26,.188,,,,2015,6,26,.188,,,,6,26,.188,,,
2015,Mississippi,http://www.sports-reference.com/cbb/schools/mississippi/2015.html,SEC,http://www.sports-reference.com/cbb/conferences/sec/2015.html,sec,21,,,13,.618,,,Lost Second Round,2007,192,114,.627,2,,,213,127,.626,2,,
2015,Missouri-Kansas City,http://www.sports-reference.com/cbb/schools/missouri-kansas-city/2015.html,WAC,http://www.sports-reference.com/cbb/conferences/wac/2015.html,wac,14,,,19,.424,,,,2014,24,39,.381,,,,24,39,.381,,,
2015,Missouri State,http://www.sports-reference.com/cbb/schools/missouri-state/2015.html,MVC,http://www.sports-reference.com/cbb/conferences/mvc/2015.html,mvc,11,,,20,.355,,,,2012,58,71,.450,,,,58,71,.450,,,
2015,Missouri,http://www.sports-reference.com/cbb/schools/missouri/2015.html,SEC,http://www.sports-reference.com/cbb/conferences/sec/2015.html,sec,9,,,23,.281,,,,2015,9,23,.281,,,,9,23,.281,,,
2015,Monmouth,http://www.sports-reference.com/cbb/schools/monmouth/2015.html,MAAC,http://www.sports-reference.com/cbb/conferences/maac/2015.html,maac,18,,,15,.545,,,,2012,51,77,.398,,,,51,77,.398,,,
2015,Montana State,http://www.sports-reference.com/cbb/schools/montana-state/2015.html,Big Sky,http://www.sports-reference.com/cbb/conferences/big-sky/2015.html,big-sky,7,,,23,.233,,,,2015,7,23,.233,,,,7,23,.233,,,
2015,Montana,http://www.sports-reference.com/cbb/schools/montana/2015.html,Big Sky,http://www.sports-reference.com/cbb/conferences/big-sky/2015.html,big-sky,20,,,13,.606,,,,2015,20,13,.606,,,,20,13,.606,,,
2015,Morehead State,http://www.sports-reference.com/cbb/schools/morehead-state/2015.html,OVC,http://www.sports-reference.com/cbb/conferences/ovc/2015.html,ovc,17,,,17,.500,,,,2013,52,49,.515,,,,102,129,.442,1,,
2015,Morgan State,http://www.sports-reference.com/cbb/schools/morgan-state/2015.html,MEAC,http://www.sports-reference.com/cbb/conferences/meac/2015.html,meac,7,,,24,.226,,,,2007,150,140,.517,2,,,213,175,.549,5,1,
2015,Mount St. Mary's,http://www.sports-reference.com/cbb/schools/mount-st-marys/2015.html,NEC,http://www.sports-reference.com/cbb/conferences/northeast/2015.html,northeast,15,,,15,.500,,,,2013,49,46,.516,1,,,49,46,.516,1,,
2015,Murray State,http://www.sports-reference.com/cbb/schools/murray-state/2015.html,OVC,http://www.sports-reference.com/cbb/conferences/ovc/2015.html,ovc,29,,,6,.829,,,,2012,104,29,.782,1,,,104,29,.782,1,,
2015,Navy,http://www.sports-reference.com/cbb/schools/navy/2015.html,Patriot,http://www.sports-reference.com/cbb/conferences/patriot/2015.html,patriot,13,,,19,.406,,,,2012,33,89,.270,,,,252,320,.441,2,,
2015,Nebraska-Omaha,http://www.sports-reference.com/cbb/schools/nebraska-omaha/2015.html,Summit,http://www.sports-reference.com/cbb/conferences/summit/2015.html,summit,12,,,17,.414,,,,2013,40,52,.435,,,,40,52,.435,,,
2015,Nebraska,http://www.sports-reference.com/cbb/schools/nebraska/2015.html,Big Ten,http://www.sports-reference.com/cbb/conferences/big-ten/2015.html,big-ten,13,,,18,.419,21,,,2013,47,49,.490,1,,,154,157,.495,2,,
2015,Nevada-Las Vegas,http://www.sports-reference.com/cbb/schools/nevada-las-vegas/2015.html,MWC,http://www.sports-reference.com/cbb/conferences/mwc/2015.html,mwc,18,,,15,.545,,,,2012,89,47,.654,2,,,89,47,.654,2,,
2015,Nevada,http://www.sports-reference.com/cbb/schools/nevada/2015.html,MWC,http://www.sports-reference.com/cbb/conferences/mwc/2015.html,mwc,9,,,22,.290,,,,2010,98,97,.503,,,,98,97,.503,,,
2015,New Hampshire,http://www.sports-reference.com/cbb/schools/new-hampshire/2015.html,AEC,http://www.sports-reference.com/cbb/conferences/america-east/2015.html,america-east,19,,,13,.594,,,,2006,117,181,.393,,,,354,350,.503,3,,
2015,New Mexico State,http://www.sports-reference.com/cbb/schools/new-mexico-state/2015.html,WAC,http://www.sports-reference.com/cbb/conferences/wac/2015.html,wac,23,,,11,.676,,,Lost Second Round,2008,175,100,.636,5,,,175,100,.636,5,,
2015,New Mexico,http://www.sports-reference.com/cbb/schools/new-mexico/2015.html,MWC,http://www.sports-reference.com/cbb/conferences/mwc/2015.html,mwc,15,,,16,.484,,,,2014,42,23,.646,1,,,42,23,.646,1,,
2015,New Orleans,http://www.sports-reference.com/cbb/schools/new-orleans/2015.html,Southland,http://www.sports-reference.com/cbb/conferences/southland/2015.html,southland,11,,,18,.379,,,,2013,30,51,.370,,,,30,51,.370,,,
2015,Niagara,http://www.sports-reference.com/cbb/schools/niagara/2015.html,MAAC,http://www.sports-reference.com/cbb/conferences/maac/2015.html,maac,8,,,22,.267,,,,2014,15,48,.238,,,,15,48,.238,,,
2015,Nicholls State,http://www.sports-reference.com/cbb/schools/nicholls-state/2015.html,Southland,http://www.sports-reference.com/cbb/conferences/southland/2015.html,southland,10,,,19,.345,,,,2005,121,201,.376,,,,121,201,.376,,,
2015,NJIT,http://www.sports-reference.com/cbb/schools/njit/2015.html,Ind,http://www.sports-reference.com/cbb/conferences/independent/2015.html,independent,21,,,12,.636,,,,2009,91,124,.423,,,,91,124,.423,,,
2015,Norfolk State,http://www.sports-reference.com/cbb/schools/norfolk-state/2015.html,MEAC,http://www.sports-reference.com/cbb/conferences/meac/2015.html,meac,20,,,14,.588,,,,2014,39,29,.574,,,,39,29,.574,,,
2015,North Carolina-Asheville,http://www.sports-reference.com/cbb/schools/north-carolina-asheville/2015.html,Big South,http://www.sports-reference.com/cbb/conferences/big-south/2015.html,big-south,15,,,16,.484,,,,2014,32,31,.508,,,,32,31,.508,,,
2015,North Carolina A&T,http://www.sports-reference.com/cbb/schools/north-carolina-at/2015.html,MEAC,http://www.sports-reference.com/cbb/conferences/meac/2015.html,meac,9,,,23,.281,,,,2013,38,63,.376,1,,,381,369,.508,6,,
2015,North Carolina Central,http://www.sports-reference.com/cbb/schools/north-carolina-central/2015.html,MEAC,http://www.sports-reference.com/cbb/conferences/meac/2015.html,meac,25,,,8,.758,,,,2010,114,75,.603,1,,,114,75,.603,1,,
2015,North Carolina-Greensboro,http://www.sports-reference.com/cbb/schools/north-carolina-greensboro/2015.html,Southern,http://www.sports-reference.com/cbb/conferences/southern/2015.html,southern,11,,,22,.333,,,,2012,45,73,.381,,,,45,73,.381,,,
2015,North Carolina State,http://www.sports-reference.com/cbb/schools/north-carolina-state/2015.html,ACC,http://www.sports-reference.com/cbb/conferences/acc/2015.html,acc,22,,,14,.611,,,Lost Regional Semifinal,2012,92,52,.639,4,2,,370,207,.641,11,3,
2015,North Carolina-Wilmington,http://www.sports-reference.com/cbb/schools/north-carolina-wilmington/2015.html,CAA,http://www.sports-reference.com/cbb/conferences/colonial/2015.html,colonial,18,,,14,.562,,,,2015,18,14,.562,,,,18,14,.562,,,
2015,North Carolina,http://www.sports-reference.com/cbb/schools/north-carolina/2015.html,ACC,http://www.sports-reference.com/cbb/conferences/acc/2015.html,acc,26,,,12,.684,6,15,Lost Regional Semifinal,2004,332,101,.767,11,7,3,750,202,.788,25,16,7
2015,North Dakota State,http://www.sports-reference.com/cbb/schools/north-dakota-state/2015.html,Summit,http://www.sports-reference.com/cbb/conferences/summit/2015.html,summit,23,,,10,.697,,,Lost Second Round,2015,23,10,.697,1,,,23,10,.697,1,,
2015,North Dakota,http://www.sports-reference.com/cbb/schools/north-dakota/2015.html,Big Sky,http://www.sports-reference.com/cbb/conferences/big-sky/2015.html,big-sky,8,,,22,.267,,,,2010,85,109,.438,,,,85,109,.438,,,
2015,North Florida,http://www.sports-reference.com/cbb/schools/north-florida/2015.html,A-Sun,http://www.sports-reference.com/cbb/conferences/atlantic-sun/2015.html,atlantic-sun,23,,,12,.657,,,Lost First Round,2010,96,100,.490,1,,,96,100,.490,1,,
2015,North Texas,http://www.sports-reference.com/cbb/schools/north-texas/2015.html,CUSA,http://www.sports-reference.com/cbb/conferences/cusa/2015.html,cusa,14,,,17,.452,,,,2013,42,53,.442,,,,42,53,.442,,,
2015,Northeastern,http://www.sports-reference.com/cbb/schools/northeastern/2015.html,CAA,http://www.sports-reference.com/cbb/conferences/colonial/2015.html,colonial,23,,,12,.657,,,Lost Second Round,2007,145,145,.500,1,,,145,145,.500,1,,
2015,Northern Arizona,http://www.sports-reference.com/cbb/schools/northern-arizona/2015.html,Big Sky,http://www.sports-reference.com/cbb/conferences/big-sky/2015.html,big-sky,23,,,15,.605,,,,2013,49,53,.480,,,,49,53,.480,,,
2015,Northern Colorado,http://www.sports-reference.com/cbb/schools/northern-colorado/2015.html,Big Sky,http://www.sports-reference.com/cbb/conferences/big-sky/2015.html,big-sky,15,,,15,.500,,,,2011,76,77,.497,1,,,76,77,.497,1,,
2015,Northern Illinois,http://www.sports-reference.com/cbb/schools/northern-illinois/2015.html,MAC,http://www.sports-reference.com/cbb/conferences/mac/2015.html,mac,14,,,16,.467,,,,2012,39,84,.317,,,,39,84,.317,,,
2015,Northern Iowa,http://www.sports-reference.com/cbb/schools/northern-iowa/2015.html,MVC,http://www.sports-reference.com/cbb/conferences/mvc/2015.html,mvc,31,,,4,.886,,11,Lost Third Round,2007,197,105,.652,3,1,,197,105,.652,3,1,
2015,Northern Kentucky,http://www.sports-reference.com/cbb/schools/northern-kentucky/2015.html,A-Sun,http://www.sports-reference.com/cbb/conferences/atlantic-sun/2015.html,atlantic-sun,13,,,17,.433,,,,2013,33,54,.379,,,,33,54,.379,,,
2015,Northwestern State,http://www.sports-reference.com/cbb/schools/northwestern-state/2015.html,Southland,http://www.sports-reference.com/cbb/conferences/southland/2015.html,southland,19,,,13,.594,,,,2000,259,240,.519,3,,,259,240,.519,3,,
2015,Northwestern,http://www.sports-reference.com/cbb/schools/northwestern/2015.html,Big Ten,http://www.sports-reference.com/cbb/conferences/big-ten/2015.html,big-ten,15,,,17,.469,,,,2014,29,36,.446,,,,29,36,.446,,,
2015,Notre Dame,http://www.sports-reference.com/cbb/schools/notre-dame/2015.html,ACC,http://www.sports-reference.com/cbb/conferences/acc/2015.html,acc,32,,,6,.842,,8,Lost Regional Final,2001,332,165,.668,10,2,,431,217,.665,12,2,
2015,Oakland,http://www.sports-reference.com/cbb/schools/oakland/2015.html,Horizon,http://www.sports-reference.com/cbb/conferences/horizon/2015.html,horizon,16,,,17,.485,,,,2000,271,241,.529,3,,,271,241,.529,3,,
2015,Ohio State,http://www.sports-reference.com/cbb/schools/ohio-state/2015.html,Big Ten,http://www.sports-reference.com/cbb/conferences/big-ten/2015.html,big-ten,24,,,11,.686,20,,Lost Third Round,2005,299,94,.761,9,5,2,401,125,.762,13,6,2
2015,Ohio,http://www.sports-reference.com/cbb/schools/ohio/2015.html,MAC,http://www.sports-reference.com/cbb/conferences/mac/2015.html,mac,10,,,20,.333,,,,2015,10,20,.333,,,,144,104,.581,2,,
2015,Oklahoma State,http://www.sports-reference.com/cbb/schools/oklahoma-state/2015.html,Big 12,http://www.sports-reference.com/cbb/conferences/big-12/2015.html,big-12,18,,,14,.562,,,Lost Second Round,2009,143,91,.611,5,,,266,206,.564,6,,
2015,Oklahoma,http://www.sports-reference.com/cbb/schools/oklahoma/2015.html,Big 12,http://www.sports-reference.com/cbb/conferences/big-12/2015.html,big-12,24,,,11,.686,19,13,Lost Regional Semifinal,2012,82,49,.626,3,1,,561,353,.614,16,4,1
2015,Old Dominion,http://www.sports-reference.com/cbb/schools/old-dominion/2015.html,CUSA,http://www.sports-reference.com/cbb/conferences/cusa/2015.html,cusa,27,,,8,.771,,,,2014,45,26,.634,,,,402,313,.562,7,2,
2015,Oral Roberts,http://www.sports-reference.com/cbb/schools/oral-roberts/2015.html,Summit,http://www.sports-reference.com/cbb/conferences/summit/2015.html,summit,19,,,15,.559,,,,2000,306,208,.595,3,,,306,208,.595,3,,
2015,Oregon State,http://www.sports-reference.com/cbb/schools/oregon-state/2015.html,Pac-12,http://www.sports-reference.com/cbb/conferences/pac-12/2015.html,pac-12,17,,,14,.548,,,,2015,17,14,.548,,,,175,105,.625,3,,
2015,Oregon,http://www.sports-reference.com/cbb/schools/oregon/2015.html,Pac-12,http://www.sports-reference.com/cbb/conferences/pac-12/2015.html,pac-12,26,,,10,.722,,,Lost Third Round,2011,123,57,.683,3,1,,533,300,.640,11,1,
2015,Pacific,http://www.sports-reference.com/cbb/schools/pacific/2015.html,WCC,http://www.sports-reference.com/cbb/conferences/wcc/2015.html,wcc,12,,,19,.387,,,,2014,30,35,.462,,,,30,35,.462,,,
2015,Penn State,http://www.sports-reference.com/cbb/schools/penn-state/2015.html,Big Ten,http://www.sports-reference.com/cbb/conferences/big-ten/2015.html,big-ten,18,,,16,.529,,,,2012,56,75,.427,,,,98,103,.488,1,,
2015,Pennsylvania,http://www.sports-reference.com/cbb/schools/pennsylvania/2015.html,Ivy,http://www.sports-reference.com/cbb/conferences/ivy/2015.html,ivy,9,,,19,.321,,,,2010,65,104,.385,,,,65,104,.385,,,
2015,Pepperdine,http://www.sports-reference.com/cbb/schools/pepperdine/2015.html,WCC,http://www.sports-reference.com/cbb/conferences/wcc/2015.html,wcc,18,,,14,.562,,,,1996,58,77,.430,,,,58,77,.430,,,
2015,Pittsburgh,http://www.sports-reference.com/cbb/schools/pittsburgh/2015.html,ACC,http://www.sports-reference.com/cbb/conferences/acc/2015.html,acc,19,,,15,.559,,,,2004,307,111,.734,10,3,,307,111,.734,10,3,
2015,Portland State,http://www.sports-reference.com/cbb/schools/portland-state/2015.html,Big Sky,http://www.sports-reference.com/cbb/conferences/big-sky/2015.html,big-sky,15,,,14,.517,,,,2010,84,99,.459,,,,84,99,.459,,,
2015,Portland,http://www.sports-reference.com/cbb/schools/portland/2015.html,WCC,http://www.sports-reference.com/cbb/conferences/wcc/2015.html,wcc,17,,,16,.515,,,,2007,128,158,.448,,,,128,158,.448,,,
2015,Prairie View,http://www.sports-reference.com/cbb/schools/prairie-view/2015.html,SWAC,http://www.sports-reference.com/cbb/conferences/swac/2015.html,swac,15,,,18,.455,,,,2007,114,174,.396,,,,114,174,.396,,,
2015,Presbyterian,http://www.sports-reference.com/cbb/schools/presbyterian/2015.html,Big South,http://www.sports-reference.com/cbb/conferences/big-south/2015.html,big-south,10,,,22,.312,,,,2008,73,173,.297,,,,73,173,.297,,,
2015,Princeton,http://www.sports-reference.com/cbb/schools/princeton/2015.html,Ivy,http://www.sports-reference.com/cbb/conferences/ivy/2015.html,ivy,16,,,14,.533,,,,2012,74,46,.617,,,,74,46,.617,,,
2015,Providence,http://www.sports-reference.com/cbb/schools/providence/2015.html,Big East,http://www.sports-reference.com/cbb/conferences/big-east/2015.html,big-east,22,,,12,.647,,,Lost Second Round,2012,79,56,.585,2,,,171,125,.578,2,,
2015,Purdue,http://www.sports-reference.com/cbb/schools/purdue/2015.html,Big Ten,http://www.sports-reference.com/cbb/conferences/big-ten/2015.html,big-ten,21,,,13,.618,,,Lost Second Round,2006,212,125,.629,7,2,,237,130,.646,8,2,
2015,Quinnipiac,http://www.sports-reference.com/cbb/schools/quinnipiac/2015.html,MAAC,http://www.sports-reference.com/cbb/conferences/maac/2015.html,maac,15,,,15,.500,,,,2008,143,108,.570,,,,143,108,.570,,,
2015,Radford,http://www.sports-reference.com/cbb/schools/radford/2015.html,Big South,http://www.sports-reference.com/cbb/conferences/big-south/2015.html,big-south,22,,,12,.647,,,,2012,63,70,.474,,,,63,70,.474,,,
2015,Rhode Island,http://www.sports-reference.com/cbb/schools/rhode-island/2015.html,A-10,http://www.sports-reference.com/cbb/conferences/atlantic-10/2015.html,atlantic-10,23,,,10,.697,,,,2013,45,49,.479,,,,83,72,.535,,,
2015,Rice,http://www.sports-reference.com/cbb/schools/rice/2015.html,CUSA,http://www.sports-reference.com/cbb/conferences/cusa/2015.html,cusa,12,,,20,.375,,,,2015,12,20,.375,,,,12,20,.375,,,
2015,Richmond,http://www.sports-reference.com/cbb/schools/richmond/2015.html,A-10,http://www.sports-reference.com/cbb/conferences/atlantic-10/2015.html,atlantic-10,21,,,14,.600,,,,2006,187,146,.562,2,1,,205,158,.565,2,1,
2015,Rider,http://www.sports-reference.com/cbb/schools/rider/2015.html,MAAC,http://www.sports-reference.com/cbb/conferences/maac/2015.html,maac,21,,,12,.636,,,,2013,54,44,.551,,,,54,44,.551,,,
2015,Robert Morris,http://www.sports-reference.com/cbb/schools/robert-morris/2015.html,NEC,http://www.sports-reference.com/cbb/conferences/northeast/2015.html,northeast,20,,,15,.571,,,Lost Second Round,2011,110,65,.629,1,,,110,65,.629,1,,
2015,Rutgers,http://www.sports-reference.com/cbb/schools/rutgers/2015.html,Big Ten,http://www.sports-reference.com/cbb/conferences/big-ten/2015.html,big-ten,10,,,22,.312,,,,2014,22,43,.338,,,,22,43,.338,,,
2015,Sacramento State,http://www.sports-reference.com/cbb/schools/sacramento-state/2015.html,Big Sky,http://www.sports-reference.com/cbb/conferences/big-sky/2015.html,big-sky,21,,,12,.636,,,,2009,77,130,.372,,,,77,130,.372,,,
2015,Sacred Heart,http://www.sports-reference.com/cbb/schools/sacred-heart/2015.html,NEC,http://www.sports-reference.com/cbb/conferences/northeast/2015.html,northeast,15,,,17,.469,,,,2014,20,43,.317,,,,20,43,.317,,,
2015,Saint Francis (PA),http://www.sports-reference.com/cbb/schools/saint-francis-pa/2015.html,NEC,http://www.sports-reference.com/cbb/conferences/northeast/2015.html,northeast,16,,,16,.500,,,,2013,31,61,.337,,,,31,61,.337,,,
2015,Saint Joseph's,http://www.sports-reference.com/cbb/schools/saint-josephs/2015.html,A-10,http://www.sports-reference.com/cbb/conferences/atlantic-10/2015.html,atlantic-10,13,,,18,.419,,,,1996,375,265,.586,6,2,,375,265,.586,6,2,
2015,Saint Louis,http://www.sports-reference.com/cbb/schools/saint-louis/2015.html,A-10,http://www.sports-reference.com/cbb/conferences/atlantic-10/2015.html,atlantic-10,11,,,21,.344,,,,2013,66,35,.653,2,,,419,384,.522,6,,
2015,Saint Mary's (CA),http://www.sports-reference.com/cbb/schools/saint-marys-ca/2015.html,WCC,http://www.sports-reference.com/cbb/conferences/wcc/2015.html,wcc,21,,,10,.677,,,,2002,304,145,.677,5,1,,304,145,.677,5,1,
2015,Saint Peter's,http://www.sports-reference.com/cbb/schools/saint-peters/2015.html,MAAC,http://www.sports-reference.com/cbb/conferences/maac/2015.html,maac,16,,,18,.471,,,,2007,102,178,.364,1,,,102,178,.364,1,,
2015,Sam Houston State,http://www.sports-reference.com/cbb/schools/sam-houston-state/2015.html,Southland,http://www.sports-reference.com/cbb/conferences/southland/2015.html,southland,26,,,9,.743,,,,2011,98,69,.587,,,,98,69,.587,,,
2015,Samford,http://www.sports-reference.com/cbb/schools/samford/2015.html,Southern,http://www.sports-reference.com/cbb/conferences/southern/2015.html,southern,13,,,19,.406,,,,2015,13,19,.406,,,,13,19,.406,,,
2015,San Diego State,http://www.sports-reference.com/cbb/schools/san-diego-state/2015.html,MWC,http://www.sports-reference.com/cbb/conferences/mwc/2015.html,mwc,27,,,9,.750,16,,Lost Third Round,2000,339,185,.647,8,2,,524,266,.663,15,6,3
2015,San Diego,http://www.sports-reference.com/cbb/schools/san-diego/2015.html,WCC,http://www.sports-reference.com/cbb/conferences/wcc/2015.html,wcc,15,,,16,.484,,,,2008,117,144,.448,1,,,117,144,.448,1,,
2015,San Francisco,http://www.sports-reference.com/cbb/schools/san-francisco/2015.html,WCC,http://www.sports-reference.com/cbb/conferences/wcc/2015.html,wcc,14,,,18,.438,,,,2009,112,112,.500,,,,143,145,.497,,,
2015,San Jose State,http://www.sports-reference.com/cbb/schools/san-jose-state/2015.html,MWC,http://www.sports-reference.com/cbb/conferences/mwc/2015.html,mwc,2,,,28,.067,,,,2014,9,52,.148,,,,9,52,.148,,,
2015,Santa Clara,http://www.sports-reference.com/cbb/schools/santa-clara/2015.html,WCC,http://www.sports-reference.com/cbb/conferences/wcc/2015.html,wcc,14,,,18,.438,,,,2008,128,139,.479,,,,128,139,.479,,,
2015,Savannah State,http://www.sports-reference.com/cbb/schools/savannah-state/2015.html,MEAC,http://www.sports-reference.com/cbb/conferences/meac/2015.html,meac,9,,,22,.290,,,,2006,127,179,.415,,,,169,267,.388,,,
2015,Seattle,http://www.sports-reference.com/cbb/schools/seattle/2015.html,WAC,http://www.sports-reference.com/cbb/conferences/wac/2015.html,wac,18,,,16,.529,,,,2010,79,104,.432,,,,79,104,.432,,,
2015,Seton Hall,http://www.sports-reference.com/cbb/schools/seton-hall/2015.html,Big East,http://www.sports-reference.com/cbb/conferences/big-east/2015.html,big-east,16,,,15,.516,,,,2011,82,81,.503,,,,127,130,.494,,,
2015,Siena,http://www.sports-reference.com/cbb/schools/siena/2015.html,MAAC,http://www.sports-reference.com/cbb/conferences/maac/2015.html,maac,11,,,20,.355,,,,2014,31,38,.449,,,,176,173,.504,1,,
2015,South Alabama,http://www.sports-reference.com/cbb/schools/south-alabama/2015.html,Sun Belt,http://www.sports-reference.com/cbb/conferences/sun-belt/2015.html,sun-belt,12,,,21,.364,,,,2014,23,41,.359,,,,23,41,.359,,,
2015,South Carolina State,http://www.sports-reference.com/cbb/schools/south-carolina-state/2015.html,MEAC,http://www.sports-reference.com/cbb/conferences/meac/2015.html,meac,11,,,22,.333,,,,2013,22,50,.306,,,,22,50,.306,,,
2015,South Carolina Upstate,http://www.sports-reference.com/cbb/schools/south-carolina-upstate/2015.html,A-Sun,http://www.sports-reference.com/cbb/conferences/atlantic-sun/2015.html,atlantic-sun,24,,,12,.667,,,,2008,107,149,.418,,,,213,297,.418,1,,
2015,South Carolina,http://www.sports-reference.com/cbb/schools/south-carolina/2015.html,SEC,http://www.sports-reference.com/cbb/conferences/sec/2015.html,sec,17,,,16,.515,,,,2013,45,54,.455,,,,162,108,.600,4,1,
2015,South Dakota State,http://www.sports-reference.com/cbb/schools/south-dakota-state/2015.html,Summit,http://www.sports-reference.com/cbb/conferences/summit/2015.html,summit,24,,,11,.686,,,,2006,164,155,.514,2,,,164,155,.514,2,,
2015,South Dakota,http://www.sports-reference.com/cbb/schools/south-dakota/2015.html,Summit,http://www.sports-reference.com/cbb/conferences/summit/2015.html,summit,17,,,16,.515,,,,2015,17,16,.515,,,,17,16,.515,,,
2015,South Florida,http://www.sports-reference.com/cbb/schools/south-florida/2015.html,AAC,http://www.sports-reference.com/cbb/conferences/aac/2015.html,aac,9,,,23,.281,,,,2015,9,23,.281,,,,9,23,.281,,,
2015,Southeast Missouri State,http://www.sports-reference.com/cbb/schools/southeast-missouri-state/2015.html,OVC,http://www.sports-reference.com/cbb/conferences/ovc/2015.html,ovc,13,,,17,.433,,,,2010,80,108,.426,,,,269,295,.477,1,,
2015,Southeastern Louisiana,http://www.sports-reference.com/cbb/schools/southeastern-louisiana/2015.html,Southland,http://www.sports-reference.com/cbb/conferences/southland/2015.html,southland,9,,,23,.281,,,,2015,9,23,.281,,,,9,23,.281,,,
2015,Southern California,http://www.sports-reference.com/cbb/schools/southern-california/2015.html,Pac-12,http://www.sports-reference.com/cbb/conferences/pac-12/2015.html,pac-12,12,,,20,.375,,,,2014,23,41,.359,,,,64,69,.481,1,1,
2015,Southern Illinois-Edwardsville,http://www.sports-reference.com/cbb/schools/southern-illinois-edwardsville/2015.html,OVC,http://www.sports-reference.com/cbb/conferences/ovc/2015.html,ovc,12,,,16,.429,,,,2009,65,135,.325,,,,65,135,.325,,,
2015,Southern Illinois,http://www.sports-reference.com/cbb/schools/southern-illinois/2015.html,MVC,http://www.sports-reference.com/cbb/conferences/mvc/2015.html,mvc,12,,,21,.364,,,,2013,40,57,.412,,,,245,197,.554,,,
2015,Southern Methodist,http://www.sports-reference.com/cbb/schools/southern-methodist/2015.html,AAC,http://www.sports-reference.com/cbb/conferences/aac/2015.html,aac,27,,,7,.794,22,18,Lost Second Round,2013,69,34,.670,1,,,246,95,.721,8,4,3
2015,Southern Mississippi,http://www.sports-reference.com/cbb/schools/southern-mississippi/2015.html,CUSA,http://www.sports-reference.com/cbb/conferences/cusa/2015.html,cusa,9,,,20,.310,,,,2015,9,20,.310,,,,158,127,.554,1,,
2015,Southern Utah,http://www.sports-reference.com/cbb/schools/southern-utah/2015.html,Big Sky,http://www.sports-reference.com/cbb/conferences/big-sky/2015.html,big-sky,10,,,19,.345,,,,2013,23,66,.258,,,,23,66,.258,,,
2015,Southern,http://www.sports-reference.com/cbb/schools/southern/2015.html,SWAC,http://www.sports-reference.com/cbb/conferences/swac/2015.html,swac,18,,,17,.514,,,,2012,77,54,.588,1,,,77,54,.588,1,,
2015,St. Bonaventure,http://www.sports-reference.com/cbb/schools/st-bonaventure/2015.html,A-10,http://www.sports-reference.com/cbb/conferences/atlantic-10/2015.html,atlantic-10,18,,,13,.581,,,,2008,124,123,.502,1,,,206,213,.492,1,,
2015,St. Francis (NY),http://www.sports-reference.com/cbb/schools/st-francis-ny/2015.html,NEC,http://www.sports-reference.com/cbb/conferences/northeast/2015.html,northeast,23,,,12,.657,,,,2011,83,74,.529,,,,83,74,.529,,,
2015,St. John's (NY),http://www.sports-reference.com/cbb/schools/st-johns-ny/2015.html,Big East,http://www.sports-reference.com/cbb/conferences/big-east/2015.html,big-east,21,,,12,.636,,,Lost Second Round,2011,92,72,.561,2,,,237,150,.612,8,5,
2015,Stanford,http://www.sports-reference.com/cbb/schools/stanford/2015.html,Pac-12,http://www.sports-reference.com/cbb/conferences/pac-12/2015.html,pac-12,24,,,13,.649,,,,2009,141,100,.585,1,1,,141,100,.585,1,1,
2015,Stephen F. Austin,http://www.sports-reference.com/cbb/schools/stephen-f-austin/2015.html,Southland,http://www.sports-reference.com/cbb/conferences/southland/2015.html,southland,29,,,5,.853,,,Lost Second Round,2014,61,8,.884,2,,,61,8,.884,2,,
2015,Stetson,http://www.sports-reference.com/cbb/schools/stetson/2015.html,A-Sun,http://www.sports-reference.com/cbb/conferences/atlantic-sun/2015.html,atlantic-sun,9,,,22,.290,,,,2014,16,46,.258,,,,16,46,.258,,,
2015,Stony Brook,http://www.sports-reference.com/cbb/schools/stony-brook/2015.html,AEC,http://www.sports-reference.com/cbb/conferences/america-east/2015.html,america-east,23,,,12,.657,,,,2006,166,149,.527,,,,166,149,.527,,,
2015,Syracuse,http://www.sports-reference.com/cbb/schools/syracuse/2015.html,ACC,http://www.sports-reference.com/cbb/conferences/acc/2015.html,acc,18,,,13,.581,23,,,1977,966,333,.744,31,17,4,966,333,.744,31,17,4
2015,Temple,http://www.sports-reference.com/cbb/schools/temple/2015.html,AAC,http://www.sports-reference.com/cbb/conferences/aac/2015.html,aac,26,,,11,.703,,,,2007,193,108,.641,6,,,503,271,.650,15,,
2015,Tennessee-Martin,http://www.sports-reference.com/cbb/schools/tennessee-martin/2015.html,OVC,http://www.sports-reference.com/cbb/conferences/ovc/2015.html,ovc,21,,,13,.618,,,,2015,21,13,.618,,,,106,129,.451,,,
2015,Tennessee State,http://www.sports-reference.com/cbb/schools/tennessee-state/2015.html,OVC,http://www.sports-reference.com/cbb/conferences/ovc/2015.html,ovc,5,,,26,.161,,,,2015,5,26,.161,,,,5,26,.161,,,
2015,Tennessee Tech,http://www.sports-reference.com/cbb/schools/tennessee-tech/2015.html,OVC,http://www.sports-reference.com/cbb/conferences/ovc/2015.html,ovc,12,,,18,.400,,,,2012,60,65,.480,,,,60,65,.480,,,
2015,Tennessee,http://www.sports-reference.com/cbb/schools/tennessee/2015.html,SEC,http://www.sports-reference.com/cbb/conferences/sec/2015.html,sec,16,,,16,.500,,,,2015,16,16,.500,,,,186,118,.612,2,,
2015,Texas A&M-Corpus Christi,http://www.sports-reference.com/cbb/schools/texas-am-corpus-christi/2015.html,Southland,http://www.sports-reference.com/cbb/conferences/southland/2015.html,southland,20,,,14,.588,,,,2012,50,77,.394,,,,268,324,.453,,,
2015,Texas A&M,http://www.sports-reference.com/cbb/schools/texas-am/2015.html,SEC,http://www.sports-reference.com/cbb/conferences/sec/2015.html,sec,21,,,12,.636,,,,2012,71,61,.538,,,,282,240,.540,2,,
2015,Texas-Arlington,http://www.sports-reference.com/cbb/schools/texas-arlington/2015.html,Sun Belt,http://www.sports-reference.com/cbb/conferences/sun-belt/2015.html,sun-belt,16,,,15,.516,,,,2007,153,128,.544,1,,,153,128,.544,1,,
2015,Texas Christian,http://www.sports-reference.com/cbb/schools/texas-christian/2015.html,Big 12,http://www.sports-reference.com/cbb/conferences/big-12/2015.html,big-12,18,,,15,.545,,,,2013,38,58,.396,,,,264,244,.520,5,2,
2015,Texas-El Paso,http://www.sports-reference.com/cbb/schools/texas-el-paso/2015.html,CUSA,http://www.sports-reference.com/cbb/conferences/cusa/2015.html,cusa,22,,,11,.667,,,,2011,103,63,.620,,,,430,244,.638,8,2,
2015,Texas-Rio Grande Valley,http://www.sports-reference.com/cbb/schools/texas-pan-american/2015.html,WAC,http://www.sports-reference.com/cbb/conferences/wac/2015.html,wac,10,,,21,.323,,,,2014,19,44,.302,,,,160,208,.435,,,
2015,Texas-San Antonio,http://www.sports-reference.com/cbb/schools/texas-san-antonio/2015.html,CUSA,http://www.sports-reference.com/cbb/conferences/cusa/2015.html,cusa,14,,,16,.467,,,,2007,128,151,.459,1,,,128,151,.459,1,,
2015,Texas Southern,http://www.sports-reference.com/cbb/schools/texas-southern/2015.html,SWAC,http://www.sports-reference.com/cbb/conferences/swac/2015.html,swac,22,,,13,.629,,,Lost Second Round,2013,58,42,.580,2,,,295,194,.603,7,1,1
2015,Texas State,http://www.sports-reference.com/cbb/schools/texas-state/2015.html,Sun Belt,http://www.sports-reference.com/cbb/conferences/sun-belt/2015.html,sun-belt,14,,,17,.452,,,,2014,22,40,.355,,,,268,181,.597,1,,
2015,Texas Tech,http://www.sports-reference.com/cbb/schools/texas-tech/2015.html,Big 12,http://www.sports-reference.com/cbb/conferences/big-12/2015.html,big-12,13,,,19,.406,,,,2014,27,37,.422,,,,538,263,.672,17,9,1
2015,Texas,http://www.sports-reference.com/cbb/schools/texas/2015.html,Big 12,http://www.sports-reference.com/cbb/conferences/big-12/2015.html,big-12,20,,,14,.588,10,,Lost Second Round,1999,402,180,.691,16,5,1,604,314,.658,22,6,1
2015,Toledo,http://www.sports-reference.com/cbb/schools/toledo/2015.html,MAC,http://www.sports-reference.com/cbb/conferences/mac/2015.html,mac,20,,,13,.606,,,,2011,85,78,.521,,,,221,190,.538,,,
2015,Towson,http://www.sports-reference.com/cbb/schools/towson/2015.html,CAA,http://www.sports-reference.com/cbb/conferences/colonial/2015.html,colonial,12,,,20,.375,,,,2012,56,75,.427,,,,56,75,.427,,,
2015,Troy,http://www.sports-reference.com/cbb/schools/troy/2015.html,Sun Belt,http://www.sports-reference.com/cbb/conferences/sun-belt/2015.html,sun-belt,10,,,19,.345,,,,2014,21,39,.350,,,,21,39,.350,,,
2015,Tulane,http://www.sports-reference.com/cbb/schools/tulane/2015.html,AAC,http://www.sports-reference.com/cbb/conferences/aac/2015.html,aac,15,,,16,.484,,,,2011,80,81,.497,,,,129,157,.451,,,
2015,Tulsa,http://www.sports-reference.com/cbb/schools/tulsa/2015.html,AAC,http://www.sports-reference.com/cbb/conferences/aac/2015.html,aac,23,,,11,.676,,,,2015,23,11,.676,,,,228,140,.620,3,,
2015,UCLA,http://www.sports-reference.com/cbb/schools/ucla/2015.html,Pac-12,http://www.sports-reference.com/cbb/conferences/pac-12/2015.html,pac-12,22,,,14,.611,,,Lost Regional Semifinal,2014,50,23,.685,2,2,,435,229,.655,9,3,
2015,Utah State,http://www.sports-reference.com/cbb/schools/utah-state/2015.html,MWC,http://www.sports-reference.com/cbb/conferences/mwc/2015.html,mwc,18,,,13,.581,,,,1999,402,156,.720,8,,,620,294,.678,9,,
2015,Utah Valley,http://www.sports-reference.com/cbb/schools/utah-valley/2015.html,WAC,http://www.sports-reference.com/cbb/conferences/wac/2015.html,wac,11,,,19,.367,,,,2005,182,148,.552,,,,297,194,.605,2,1,
2015,Utah,http://www.sports-reference.com/cbb/schools/utah/2015.html,Pac-12,http://www.sports-reference.com/cbb/conferences/pac-12/2015.html,pac-12,26,,,9,.743,25,19,Lost Regional Semifinal,2012,68,64,.515,1,1,,110,84,.567,3,1,
2015,Valparaiso,http://www.sports-reference.com/cbb/schools/valparaiso/2015.html,Horizon,http://www.sports-reference.com/cbb/conferences/horizon/2015.html,horizon,28,,,6,.824,,,Lost Second Round,2012,94,42,.691,2,,,94,42,.691,2,,
2015,Vanderbilt,http://www.sports-reference.com/cbb/schools/vanderbilt/2015.html,SEC,http://www.sports-reference.com/cbb/conferences/sec/2015.html,sec,21,,,14,.600,,,,2000,313,206,.603,6,2,,436,269,.618,8,2,
2015,Vermont,http://www.sports-reference.com/cbb/schools/vermont/2015.html,AEC,http://www.sports-reference.com/cbb/conferences/america-east/2015.html,america-east,20,,,14,.588,,,,2012,87,49,.640,1,,,87,49,.640,1,,
2015,Villanova,http://www.sports-reference.com/cbb/schools/villanova/2015.html,Big East,http://www.sports-reference.com/cbb/conferences/big-east/2015.html,big-east,33,,,3,.917,12,2,Lost Third Round,2002,319,152,.677,10,4,1,441,237,.650,12,4,1
2015,Virginia Commonwealth,http://www.sports-reference.com/cbb/schools/virginia-commonwealth/2015.html,A-10,http://www.sports-reference.com/cbb/conferences/atlantic-10/2015.html,atlantic-10,26,,,10,.722,15,25,Lost Second Round,2010,163,56,.744,5,1,1,163,56,.744,5,1,1
2015,Virginia Military Institute,http://www.sports-reference.com/cbb/schools/virginia-military-institute/2015.html,Southern,http://www.sports-reference.com/cbb/conferences/southern/2015.html,southern,11,,,19,.367,,,,2006,151,159,.487,,,,151,159,.487,,,
2015,Virginia Tech,http://www.sports-reference.com/cbb/schools/virginia-tech/2015.html,ACC,http://www.sports-reference.com/cbb/conferences/acc/2015.html,acc,11,,,22,.333,,,,2015,11,22,.333,,,,164,108,.603,5,3,
2015,Virginia,http://www.sports-reference.com/cbb/schools/virginia/2015.html,ACC,http://www.sports-reference.com/cbb/conferences/acc/2015.html,acc,30,,,4,.882,9,6,Lost Third Round,2010,136,64,.680,3,1,,205,97,.679,5,2,
2015,Wagner,http://www.sports-reference.com/cbb/schools/wagner/2015.html,NEC,http://www.sports-reference.com/cbb/conferences/northeast/2015.html,northeast,10,,,20,.333,,,,2013,48,44,.522,,,,48,44,.522,,,
2015,Wake Forest,http://www.sports-reference.com/cbb/schools/wake-forest/2015.html,ACC,http://www.sports-reference.com/cbb/conferences/acc/2015.html,acc,13,,,19,.406,,,,2015,13,19,.406,,,,51,48,.515,1,,
2015,Washington State,http://www.sports-reference.com/cbb/schools/washington-state/2015.html,Pac-12,http://www.sports-reference.com/cbb/conferences/pac-12/2015.html,pac-12,13,,,18,.419,,,,2015,13,18,.419,,,,338,271,.555,6,2,
2015,Washington,http://www.sports-reference.com/cbb/schools/washington/2015.html,Pac-12,http://www.sports-reference.com/cbb/conferences/pac-12/2015.html,pac-12,16,,,15,.516,,,,2003,270,159,.629,6,3,,363,247,.595,7,3,
2015,Weber State,http://www.sports-reference.com/cbb/schools/weber-state/2015.html,Big Sky,http://www.sports-reference.com/cbb/conferences/big-sky/2015.html,big-sky,13,,,17,.433,,,,2007,182,104,.636,2,,,182,104,.636,2,,
2015,West Virginia,http://www.sports-reference.com/cbb/schools/west-virginia/2015.html,Big 12,http://www.sports-reference.com/cbb/conferences/big-12/2015.html,big-12,25,,,10,.714,,20,Lost Regional Semifinal,2008,175,101,.634,6,3,1,693,287,.707,21,7,2
2015,Western Carolina,http://www.sports-reference.com/cbb/schools/western-carolina/2015.html,Southern,http://www.sports-reference.com/cbb/conferences/southern/2015.html,southern,15,,,17,.469,,,,2006,155,169,.478,,,,359,317,.531,1,,
2015,Western Illinois,http://www.sports-reference.com/cbb/schools/western-illinois/2015.html,Summit,http://www.sports-reference.com/cbb/conferences/summit/2015.html,summit,8,,,20,.286,,,,2015,8,20,.286,,,,8,20,.286,,,
2015,Western Kentucky,http://www.sports-reference.com/cbb/schools/western-kentucky/2015.html,CUSA,http://www.sports-reference.com/cbb/conferences/cusa/2015.html,cusa,20,,,12,.625,,,,2012,71,48,.597,2,,,71,48,.597,2,,
2015,Western Michigan,http://www.sports-reference.com/cbb/schools/western-michigan/2015.html,MAC,http://www.sports-reference.com/cbb/conferences/mac/2015.html,mac,20,,,14,.588,,,,2004,224,169,.570,2,,,224,169,.570,2,,
2015,Wichita State,http://www.sports-reference.com/cbb/schools/wichita-state/2015.html,MVC,http://www.sports-reference.com/cbb/conferences/mvc/2015.html,mvc,30,,,5,.857,11,14,Lost Regional Semifinal,2008,204,76,.729,4,2,1,398,159,.715,11,2,1
2015,William & Mary,http://www.sports-reference.com/cbb/schools/william-mary/2015.html,CAA,http://www.sports-reference.com/cbb/conferences/colonial/2015.html,colonial,20,,,13,.606,,,,2004,156,214,.422,,,,156,214,.422,,,
2015,Winthrop,http://www.sports-reference.com/cbb/schools/winthrop/2015.html,Big South,http://www.sports-reference.com/cbb/conferences/big-south/2015.html,big-south,19,,,13,.594,,,,2013,53,43,.552,,,,53,43,.552,,,
2015,Wisconsin,http://www.sports-reference.com/cbb/schools/wisconsin/2015.html,Big Ten,http://www.sports-reference.com/cbb/conferences/big-ten/2015.html,big-ten,36,,,4,.900,3,3,Lost National Final,2002,357,125,.741,14,7,2,387,152,.718,14,7,2
2015,Wofford,http://www.sports-reference.com/cbb/schools/wofford/2015.html,Southern,http://www.sports-reference.com/cbb/conferences/southern/2015.html,southern,28,,,7,.800,,,Lost Second Round,2003,217,192,.531,4,,,217,192,.531,4,,
2015,Wright State,http://www.sports-reference.com/cbb/schools/wright-state/2015.html,Horizon,http://www.sports-reference.com/cbb/conferences/horizon/2015.html,horizon,11,,,20,.355,,,,2011,87,81,.518,,,,87,81,.518,,,
2015,Wyoming,http://www.sports-reference.com/cbb/schools/wyoming/2015.html,MWC,http://www.sports-reference.com/cbb/conferences/mwc/2015.html,mwc,25,,,10,.714,,,Lost Second Round,1998,103,60,.632,1,,,173,144,.546,1,,
2015,Xavier,http://www.sports-reference.com/cbb/schools/xavier/2015.html,Big East,http://www.sports-reference.com/cbb/conferences/big-east/2015.html,big-east,23,,,14,.622,,,Lost Regional Semifinal,2010,134,71,.654,5,3,,134,71,.654,5,3,
2015,Yale,http://www.sports-reference.com/cbb/schools/yale/2015.html,Ivy,http://www.sports-reference.com/cbb/conferences/ivy/2015.html,ivy,22,,,10,.688,,,,2000,231,232,.499,,,,231,232,.499,,,
2015,Youngstown State,http://www.sports-reference.com/cbb/schools/youngstown-state/2015.html,Horizon,http://www.sports-reference.com/cbb/conferences/horizon/2015.html,horizon,11,,,21,.344,,,,2006,118,190,.383,,,,118,190,.383,,,
